OrderID;Date;ProductCategory;Price;Quantity
1;13/04/2022;Electronica;$35;5
2;28-abr-22;Electrónica;$26;
3;25/05/2022;electronica;$27;5
4;15/04/2022;ElectrONICA;$24;
5;13-mar-22;Alimento;$13;1
6;03/02/2022;Alimento;$30;2
7;27/05/2022;alimento;$17;3
8;02-may-22;ALImento;$36;3
9;01/02/2022;áliménto;$7;
10;17/02/2022;hogar;$22;2
11;25-ene-22;Hogar;$15;1
12;02/05/2022;HOGAR;$13;4
13;14/03/2022;JARDIN;$33;5
14;11-abr-22;JARDin;$50;1
15;03/02/2022;jardin;$22;
16;20/03/2022;Jardin;$30;4
17;29-abr-22;Camping;$7;4
18;05/04/2022;CaMPING;$10;5
19;12/02/2022;Camping;$22;2
20;29-ene-22;camping;$39;
21;24/02/2022;VEstimenta;$3;4
22;02/03/2022;vestimenta;$50;3
23;27-mar-22;VESTIMENta;$5;
24;22/03/2022;Vestímentá;$13;2
25;22/03/2022;Electronica;$30;5
26;23-ene-22;Electrónica;$10;3
27;08/02/2022;electronica;$49;1
28;14/01/2022;ElectrONICA;$35;5
29;04-abr-22;Alimento;$28;3
30;21/05/2022;Alimento;$16;
31;28/05/2022;alimento;$46;5
32;15-ene-22;ALImento;$42;
33;02/05/2022;áliménto;$3;2
34;03/06/2022;hogar;$42;4
35;25-feb-22;Hogar;$11;4
36;22/01/2022;HOGAR;$42;4
37;12/04/2022;JARDIN;$3;1
38;13-feb-22;JARDin;$15;3
39;10/05/2022;jardin;$19;1
40;18/04/2022;Jardin;$4;
41;24-abr-22;Camping;$40;2
42;28/03/2022;CaMPING;$12;2
43;26/03/2022;Camping;$44;1
44;27-feb-22;camping;$50;3
45;25/01/2022;VEstimenta;$14;
46;04/04/2022;vestimenta;$18;3
47;17-ene-22;VESTIMENta;$12;5
48;18/05/2022;Vestímentá;$45;4
49;05/02/2022;Electronica;$45;
50;06-may-22;Electrónica;$37;2
51;26/05/2022;electronica;$37;1
52;12/01/2022;ElectrONICA;$50;1
53;25-may-22;Alimento;$33;1
54;23/02/2022;Alimento;$35;
55;06/05/2022;alimento;$46;5
56;30-may-22;ALImento;$15;3
57;17/01/2022;áliménto;$10;5
58;11/01/2022;hogar;$5;2
59;15-may-22;Hogar;$40;3
60;17/03/2022;HOGAR;$12;4
61;26/02/2022;JARDIN;$26;3
62;09-mar-22;JARDin;$15;4
63;14/05/2022;jardin;$39;2
64;25/03/2022;Jardin;$22;
65;18-abr-22;Camping;$46;3
66;21/02/2022;CaMPING;$50;4
67;24/01/2022;Camping;$42;1
68;20-feb-22;camping;$27;4
69;26/02/2022;VEstimenta;$18;4
70;21/05/2022;vestimenta;$17;
71;29-ene-22;VESTIMENta;$2;4
72;05/06/2022;Vestímentá;$30;1
73;25/01/2022;Electronica;$29;4
74;05-mar-22;Electrónica;$17;2
75;07/01/2022;electronica;$24;4
76;05/06/2022;ElectrONICA;$33;2
77;28-mar-22;Alimento;$40;4
78;25/01/2022;Alimento;$4;5
79;26/01/2022;alimento;$26;
80;27-mar-22;ALImento;$12;5
81;22/05/2022;áliménto;$46;3
82;29/05/2022;hogar;$46;4
83;26-feb-22;Hogar;$36;3
84;07/05/2022;HOGAR;$28;5
85;19/05/2022;JARDIN;$18;5
86;12-abr-22;JARDin;$49;4
87;10/04/2022;jardin;$35;
88;30/05/2022;Jardin;$31;3
89;04-abr-22;Camping;$36;1
90;21/02/2022;CaMPING;$7;4
91;10/05/2022;Camping;$31;2
92;18-feb-22;camping;$32;5
93;24/04/2022;VEstimenta;$46;3
94;06/05/2022;vestimenta;$48;2
95;14-feb-22;VESTIMENta;$13;2
96;08/03/2022;Vestímentá;$11;4
97;13/03/2022;Electronica;$41;
98;26-abr-22;Electrónica;$44;1
99;30/05/2022;electronica;$4;4
100;06/03/2022;ElectrONICA;$28;4
101;19-ene-22;Alimento;$14;4
102;01/03/2022;Alimento;$27;4
103;03/04/2022;alimento;$42;3
104;24-may-22;ALImento;$51;3
105;14/03/2022;áliménto;$26;
106;17/04/2022;hogar;$32;4
107;21-may-22;Hogar;$34;1
108;20/03/2022;HOGAR;$37;3
109;20/01/2022;JARDIN;$36;4
110;04-abr-22;JARDin;$39;2
111;29/05/2022;jardin;$10;1
112;04/06/2022;Jardin;$29;2
113;08-mar-22;Camping;$19;4
114;11/01/2022;CaMPING;$13;5
115;02/06/2022;Camping;$36;2
116;22-may-22;camping;$47;4
117;18/01/2022;VEstimenta;$38;5
118;29/01/2022;vestimenta;$46;4
119;29-mar-22;VESTIMENta;$42;2
120;28/04/2022;Vestímentá;$25;2
121;19/05/2022;Electronica;$3;1
122;20-abr-22;Electrónica;$17;2
123;15/03/2022;electronica;$44;
124;06/03/2022;ElectrONICA;$33;5
125;18-abr-22;Alimento;$5;4
126;17/05/2022;Alimento;$2;3
127;17/01/2022;alimento;$24;
128;14-mar-22;ALImento;$6;4
129;20/04/2022;áliménto;$14;1
130;19/03/2022;hogar;$23;4
131;22-mar-22;Hogar;$38;5
132;08/02/2022;HOGAR;$27;4
133;27/05/2022;JARDIN;$36;1
134;15-feb-22;JARDin;$7;4
135;17/05/2022;jardin;$12;2
136;03/06/2022;Jardin;$10;4
137;21-mar-22;Camping;$3;1
138;21/05/2022;CaMPING;$38;
139;24/02/2022;Camping;$13;3
140;20-feb-22;camping;$3;3
141;25/05/2022;VEstimenta;$7;2
142;24/04/2022;vestimenta;$4;5
143;13-ene-22;VESTIMENta;$46;5
144;16/01/2022;Vestímentá;$31;1
145;25/04/2022;Electronica;$29;2
146;08-abr-22;Electrónica;$30;2
147;05/02/2022;electronica;$12;2
148;23/03/2022;ElectrONICA;$22;
149;15-abr-22;Alimento;$40;4
150;08/04/2022;Alimento;$38;3
151;16/03/2022;alimento;$47;4
152;12-may-22;ALImento;$15;3
153;25/03/2022;áliménto;$16;2
154;25/05/2022;hogar;$31;2
155;07-may-22;Hogar;$20;
156;18/04/2022;HOGAR;$19;3
157;26/03/2022;JARDIN;$29;1
158;03-abr-22;JARDin;$11;3
159;09/05/2022;jardin;$37;3
160;06/01/2022;Jardin;$8;
161;14-may-22;Camping;$18;4
162;08/03/2022;CaMPING;$8;4
163;12/05/2022;Camping;$38;5
164;14-ene-22;camping;$42;3
165;03/04/2022;VEstimenta;$23;2
166;29/03/2022;vestimenta;$14;3
167;15-ene-22;VESTIMENta;$8;4
168;18/05/2022;Vestímentá;$15;2
169;18/02/2022;Electronica;$6;5
170;24-may-22;Electrónica;$5;
171;23/01/2022;electronica;$38;5
172;19/05/2022;ElectrONICA;$6;1
173;11-mar-22;Alimento;$7;5
174;07/04/2022;Alimento;$35;1
175;19/01/2022;alimento;$9;1
176;06-abr-22;ALImento;$19;1
177;19/01/2022;áliménto;$31;3
178;17/02/2022;hogar;$12;3
179;12-abr-22;Hogar;$26;1
180;07/05/2022;HOGAR;$13;1
181;17/04/2022;JARDIN;$27;4
182;03-feb-22;JARDin;$36;3
183;05/05/2022;jardin;$9;2
184;16/01/2022;Jardin;$21;3
185;01-may-22;Camping;$13;5
186;21/05/2022;CaMPING;$2;1
187;03/01/2022;Camping;$17;3
188;25-ene-22;camping;$20;3
189;14/01/2022;VEstimenta;$43;5
190;29/01/2022;vestimenta;$19;1
191;12-abr-22;VESTIMENta;$32;3
192;05/05/2022;Vestímentá;$13;5
193;03/06/2022;Electronica;$13;1
194;23-ene-22;Electrónica;$23;5
195;10/01/2022;electronica;$32;4
196;28/03/2022;ElectrONICA;$42;1
197;29-may-22;Alimento;$27;5
198;01/03/2022;Alimento;$23;5
199;20/03/2022;alimento;$21;2
200;19-feb-22;ALImento;$2;2
201;10/03/2022;áliménto;$31;1
202;12/05/2022;hogar;$4;3
203;01-abr-22;Hogar;$6;3
204;22/04/2022;HOGAR;$35;4
205;14/05/2022;JARDIN;$44;1
206;04-jun-22;JARDin;$40;2
207;18/03/2022;jardin;$6;3
208;10/03/2022;Jardin;$47;3
209;13-ene-22;Camping;$44;4
210;31/01/2022;CaMPING;$20;2
211;12/03/2022;Camping;$34;4
212;02-ene-22;camping;$18;3
213;11/05/2022;VEstimenta;$6;4
214;12/02/2022;vestimenta;$44;1
215;04-jun-22;VESTIMENta;$23;1
216;06/01/2022;Vestímentá;$11;4
217;14/04/2022;Electronica;$24;3
218;14-feb-22;Electrónica;$2;1
219;02/03/2022;electronica;$49;1
220;13/04/2022;ElectrONICA;$10;1
221;21-feb-22;Alimento;$8;4
222;08/04/2022;Alimento;$18;4
223;12/02/2022;alimento;$12;1
224;26-may-22;ALImento;$21;5
225;05/02/2022;áliménto;$14;4
226;27/05/2022;hogar;$42;4
227;11-mar-22;Hogar;$42;2
228;23/04/2022;HOGAR;$32;5
229;08/01/2022;JARDIN;$20;3
230;15-may-22;JARDin;$22;3
231;27/05/2022;jardin;$51;2
232;12/05/2022;Jardin;$31;2
233;06-mar-22;Camping;$31;2
234;22/05/2022;CaMPING;$12;2
235;20/03/2022;Camping;$40;5
236;07-may-22;camping;$33;1
237;05/04/2022;VEstimenta;$13;2
238;19/04/2022;vestimenta;$3;3
239;24-ene-22;VESTIMENta;$13;3
240;26/02/2022;Vestímentá;$43;3
241;24/03/2022;Electronica;$7;5
242;01-mar-22;Electrónica;$4;3
243;20/02/2022;electronica;$11;5
244;07/03/2022;ElectrONICA;$37;3
245;26-ene-22;Alimento;$33;5
246;23/03/2022;Alimento;$42;5
247;10/01/2022;alimento;$34;4
248;22-abr-22;ALImento;$33;1
249;06/05/2022;áliménto;$39;2
250;24/01/2022;hogar;$31;4
251;03-ene-22;Hogar;$8;5
252;17/03/2022;HOGAR;$34;3
253;02/06/2022;JARDIN;$38;5
254;15-abr-22;JARDin;$22;4
255;20/03/2022;jardin;$47;1
256;04/01/2022;Jardin;$24;2
257;21-mar-22;Camping;$43;3
258;12/02/2022;CaMPING;$18;2
259;05/03/2022;Camping;$24;5
260;07-may-22;camping;$25;2
261;30/03/2022;VEstimenta;$21;2
262;03/02/2022;vestimenta;$47;2
263;04-ene-22;VESTIMENta;$5;5
264;18/04/2022;Vestímentá;$15;4
265;24/01/2022;Electronica;$47;5
266;07-ene-22;Electrónica;$25;3
267;04/04/2022;electronica;$18;2
268;01/04/2022;ElectrONICA;$8;1
269;05-feb-22;Alimento;$41;1
270;19/04/2022;Alimento;$31;1
271;05/03/2022;alimento;$10;2
272;08-abr-22;ALImento;$45;2
273;05/02/2022;áliménto;$30;2
274;19/02/2022;hogar;$33;5
275;25-mar-22;Hogar;$32;5
276;16/05/2022;HOGAR;$42;4
277;26/03/2022;JARDIN;$16;4
278;09-may-22;JARDin;$47;3
279;04/04/2022;jardin;$37;5
280;15/02/2022;Jardin;$6;2
281;18-may-22;Camping;$44;2
282;26/02/2022;CaMPING;$4;4
283;16/02/2022;Camping;$18;5
284;14-abr-22;camping;$27;1
285;04/02/2022;VEstimenta;$17;4
286;21/01/2022;vestimenta;$29;2
287;30-may-22;VESTIMENta;$46;5
288;26/02/2022;Vestímentá;$30;3
289;23/03/2022;Electronica;$41;3
290;08-ene-22;Electrónica;$4;2
291;02/03/2022;electronica;$31;1
292;24/04/2022;ElectrONICA;$9;1
293;28-may-22;Alimento;$37;4
294;22/01/2022;Alimento;$19;4
295;29/05/2022;alimento;$35;4
296;13-abr-22;ALImento;$45;2
297;31/03/2022;áliménto;$49;3
298;23/04/2022;hogar;$12;4
299;27-feb-22;Hogar;$34;4
300;22/03/2022;HOGAR;$8;3
301;19/03/2022;JARDIN;$49;5
302;05-jun-22;JARDin;$49;1
303;30/05/2022;jardin;$11;4
304;06/04/2022;Jardin;$14;3
305;29-ene-22;Camping;$42;3
306;20/05/2022;CaMPING;$51;5
307;15/01/2022;Camping;$11;3
308;12-may-22;camping;$33;4
309;03/05/2022;VEstimenta;$11;2
310;19/01/2022;vestimenta;$13;5
311;15-ene-22;VESTIMENta;$25;3
312;31/05/2022;Vestímentá;$50;2
313;10/05/2022;Electronica;$44;5
314;28-mar-22;Electrónica;$34;4
315;07/04/2022;electronica;$38;1
316;07/04/2022;ElectrONICA;$13;2
317;11-feb-22;Alimento;$11;4
318;04/06/2022;Alimento;$29;4
319;01/04/2022;alimento;$43;5
320;01-ene-22;ALImento;$18;3
321;26/03/2022;áliménto;$41;3
322;16/03/2022;hogar;$3;3
323;16-mar-22;Hogar;$15;2
324;25/05/2022;HOGAR;$33;1
325;18/01/2022;JARDIN;$37;3
326;15-mar-22;JARDin;$2;4
327;30/05/2022;jardin;$31;3
328;27/05/2022;Jardin;$48;1
329;07-abr-22;Camping;$46;5
330;24/01/2022;CaMPING;$44;1
331;26/01/2022;Camping;$37;3
332;28-mar-22;camping;$46;5
333;28/04/2022;VEstimenta;$27;3
334;12/04/2022;vestimenta;$34;1
335;25-feb-22;VESTIMENta;$17;1
336;28/05/2022;Vestímentá;$48;2
337;18/03/2022;Electronica;$29;2
338;24-abr-22;Electrónica;$36;4
339;05/01/2022;electronica;$48;2
340;24/02/2022;ElectrONICA;$41;5
341;06-ene-22;Alimento;$33;3
342;06/06/2022;Alimento;$7;5
343;12/05/2022;alimento;$38;5
344;29-ene-22;ALImento;$18;2
345;22/05/2022;áliménto;$13;1
346;22/02/2022;hogar;$35;1
347;21-ene-22;Hogar;$23;3
348;21/04/2022;HOGAR;$46;2
349;15/01/2022;JARDIN;$36;2
350;25-may-22;JARDin;$48;2
351;09/01/2022;jardin;$47;5
352;04/06/2022;Jardin;$32;4
353;19-mar-22;Camping;$21;3
354;24/04/2022;CaMPING;$40;5
355;22/04/2022;Camping;$28;3
356;24-feb-22;camping;$36;3
357;22/02/2022;VEstimenta;$14;4
358;20/03/2022;vestimenta;$44;3
359;20-mar-22;VESTIMENta;$17;1
360;05/02/2022;Vestímentá;$38;4
361;11/02/2022;Electronica;$49;1
362;07-ene-22;Electrónica;$42;1
363;06/02/2022;electronica;$24;2
364;31/05/2022;ElectrONICA;$3;4
365;07-abr-22;Alimento;$21;1
366;05/03/2022;Alimento;$12;4
367;30/03/2022;alimento;$18;4
368;05-feb-22;ALImento;$43;5
369;13/03/2022;áliménto;$42;1
370;07/04/2022;hogar;$49;4
371;18-may-22;Hogar;$48;1
372;18/01/2022;HOGAR;$8;5
373;03/02/2022;JARDIN;$47;1
374;13-ene-22;JARDin;$16;3
375;11/02/2022;jardin;$23;4
376;10/02/2022;Jardin;$19;1
377;23-ene-22;Camping;$13;2
378;23/04/2022;CaMPING;$18;1
379;28/04/2022;Camping;$30;2
380;01-abr-22;camping;$28;4
381;09/05/2022;VEstimenta;$24;5
382;25/03/2022;vestimenta;$26;4
383;12-may-22;VESTIMENta;$39;2
384;31/01/2022;Vestímentá;$10;2
385;29/01/2022;Electronica;$12;3
386;30-ene-22;Electrónica;$28;1
387;26/05/2022;electronica;$18;1
388;11/03/2022;ElectrONICA;$44;4
389;05-jun-22;Alimento;$13;4
390;18/02/2022;Alimento;$47;3
391;31/01/2022;alimento;$26;1
392;09-abr-22;ALImento;$22;3
393;21/05/2022;áliménto;$4;3
394;19/05/2022;hogar;$37;2
395;02-ene-22;Hogar;$31;1
396;08/03/2022;HOGAR;$16;2
397;30/01/2022;JARDIN;$3;5
398;02-jun-22;JARDin;$47;2
399;24/05/2022;jardin;$49;5
400;03/01/2022;Jardin;$36;5
401;24-feb-22;Camping;$26;1
402;18/03/2022;CaMPING;$31;2
403;09/02/2022;Camping;$31;1
404;22-mar-22;camping;$45;5
405;21/05/2022;VEstimenta;$43;5
406;19/02/2022;vestimenta;$50;3
407;21-ene-22;VESTIMENta;$38;1
408;30/05/2022;Vestímentá;$41;5
409;04/02/2022;Electronica;$19;5
410;16-abr-22;Electrónica;$33;4
411;02/03/2022;electronica;$47;4
412;29/05/2022;ElectrONICA;$16;4
413;20-may-22;Alimento;$26;2
414;10/05/2022;Alimento;$37;5
415;20/04/2022;alimento;$50;4
416;19-may-22;ALImento;$48;1
417;02/06/2022;áliménto;$19;3
418;18/02/2022;hogar;$28;1
419;05-may-22;Hogar;$17;1
420;19/04/2022;HOGAR;$49;5
421;06/02/2022;JARDIN;$22;3
422;02-mar-22;JARDin;$10;3
423;29/03/2022;jardin;$7;4
424;15/01/2022;Jardin;$47;2
425;30-ene-22;Camping;$46;1
426;17/03/2022;CaMPING;$3;2
427;16/01/2022;Camping;$23;5
428;05-ene-22;camping;$44;1
429;03/05/2022;VEstimenta;$36;3
430;08/02/2022;vestimenta;$33;3
431;11-abr-22;VESTIMENta;$37;1
432;30/05/2022;Vestímentá;$42;2
433;11/05/2022;Electronica;$5;5
434;16-mar-22;Electrónica;$30;3
435;12/03/2022;electronica;$19;5
436;02/01/2022;ElectrONICA;$32;4
437;07-abr-22;Alimento;$43;4
438;20/02/2022;Alimento;$45;5
439;21/01/2022;alimento;$27;4
440;26-abr-22;ALImento;$34;2
441;14/02/2022;áliménto;$14;1
442;31/05/2022;hogar;$48;3
443;26-abr-22;Hogar;$45;2
444;24/05/2022;HOGAR;$36;1
445;24/02/2022;JARDIN;$5;3
446;18-feb-22;JARDin;$23;2
447;10/03/2022;jardin;$9;2
448;30/05/2022;Jardin;$50;3
449;19-ene-22;Camping;$10;2
450;28/04/2022;CaMPING;$7;1
451;20/05/2022;Camping;$49;5
452;29-abr-22;camping;$19;5
453;02/03/2022;VEstimenta;$24;2
454;13/02/2022;vestimenta;$43;1
455;19-abr-22;VESTIMENta;$14;3
456;11/04/2022;Vestímentá;$24;4
457;26/02/2022;Electronica;$16;2
458;10-abr-22;Electrónica;$38;5
459;27/04/2022;electronica;$25;3
460;23/04/2022;ElectrONICA;$31;4
461;01-jun-22;Alimento;$4;3
462;01/04/2022;Alimento;$33;3
463;26/03/2022;alimento;$9;4
464;17-may-22;ALImento;$8;5
465;12/04/2022;áliménto;$2;3
466;03/02/2022;hogar;$2;5
467;02-abr-22;Hogar;$15;3
468;17/04/2022;HOGAR;$50;2
469;28/01/2022;JARDIN;$23;5
470;11-ene-22;JARDin;$39;3
471;21/01/2022;jardin;$7;2
472;01/03/2022;Jardin;$46;3
473;24-mar-22;Camping;$8;3
474;22/02/2022;CaMPING;$5;1
475;11/03/2022;Camping;$32;1
476;10-feb-22;camping;$23;3
477;03/05/2022;VEstimenta;$28;3
478;13/04/2022;vestimenta;$22;5
479;27-mar-22;VESTIMENta;$18;1
480;28/05/2022;Vestímentá;$19;1
481;16/03/2022;Electronica;$4;1
482;14-ene-22;Electrónica;$13;2
483;28/04/2022;electronica;$19;2
484;16/04/2022;ElectrONICA;$8;3
485;02-mar-22;Alimento;$22;1
486;18/01/2022;Alimento;$50;5
487;23/02/2022;alimento;$38;2
488;17-mar-22;ALImento;$41;1
489;07/04/2022;áliménto;$49;4
490;28/02/2022;hogar;$15;2
491;27-feb-22;Hogar;$16;1
492;06/05/2022;HOGAR;$4;1
493;27/05/2022;JARDIN;$22;2
494;06-may-22;JARDin;$5;4
495;05/02/2022;jardin;$46;5
496;21/05/2022;Jardin;$26;3
497;13-feb-22;Camping;$21;5
498;05/03/2022;CaMPING;$6;5
499;26/05/2022;Camping;$51;5
500;08-may-22;camping;$27;1
501;25/05/2022;VEstimenta;$48;2
502;27/03/2022;vestimenta;$13;5
503;03-mar-22;VESTIMENta;$39;3
504;26/03/2022;Vestímentá;$21;2
505;03/03/2022;Electronica;$26;3
506;25-ene-22;Electrónica;$27;2
507;18/04/2022;electronica;$8;5
508;10/01/2022;ElectrONICA;$7;4
509;14-feb-22;Alimento;$13;2
510;22/02/2022;Alimento;$29;3
511;06/05/2022;alimento;$43;3
512;01-abr-22;ALImento;$8;5
513;08/03/2022;áliménto;$42;5
514;03/06/2022;hogar;$28;5
515;04-ene-22;Hogar;$26;3
516;05/03/2022;HOGAR;$8;1
517;13/02/2022;JARDIN;$11;1
518;26-may-22;JARDin;$32;4
519;09/05/2022;jardin;$9;2
520;08/05/2022;Jardin;$51;1
521;17-abr-22;Camping;$21;1
522;28/01/2022;CaMPING;$8;5
523;06/03/2022;Camping;$29;1
524;06-mar-22;camping;$13;5
525;07/02/2022;VEstimenta;$50;2
526;09/05/2022;vestimenta;$35;1
527;15-abr-22;VESTIMENta;$2;5
528;27/03/2022;Vestímentá;$24;3
529;02/02/2022;Electronica;$2;1
530;12-ene-22;Electrónica;$12;4
531;17/01/2022;electronica;$39;2
532;08/05/2022;ElectrONICA;$8;2
533;04-ene-22;Alimento;$20;4
534;16/02/2022;Alimento;$6;3
535;31/01/2022;alimento;$33;5
536;28-mar-22;ALImento;$35;2
537;06/02/2022;áliménto;$28;5
538;23/02/2022;hogar;$35;4
539;15-ene-22;Hogar;$30;4
540;18/02/2022;HOGAR;$25;3
541;24/01/2022;JARDIN;$6;2
542;27-feb-22;JARDin;$41;5
543;04/01/2022;jardin;$43;5
544;23/03/2022;Jardin;$40;1
545;26-feb-22;Camping;$23;4
546;02/03/2022;CaMPING;$4;2
547;11/05/2022;Camping;$29;4
548;20-mar-22;camping;$33;4
549;03/04/2022;VEstimenta;$9;2
550;14/05/2022;vestimenta;$23;4
551;04-jun-22;VESTIMENta;$47;5
552;15/03/2022;Vestímentá;$8;3
553;04/06/2022;Electronica;$17;3
554;04-mar-22;Electrónica;$37;5
555;15/04/2022;electronica;$19;5
556;11/05/2022;ElectrONICA;$12;4
557;07-feb-22;Alimento;$4;4
558;12/05/2022;Alimento;$49;3
559;12/04/2022;alimento;$48;3
560;07-mar-22;ALImento;$37;1
561;11/03/2022;áliménto;$34;3
562;26/01/2022;hogar;$13;3
563;05-mar-22;Hogar;$13;2
564;24/01/2022;HOGAR;$20;4
565;10/01/2022;JARDIN;$27;5
566;09-mar-22;JARDin;$12;1
567;27/01/2022;jardin;$8;5
568;10/04/2022;Jardin;$50;3
569;26-feb-22;Camping;$43;1
570;12/03/2022;CaMPING;$22;5
571;03/04/2022;Camping;$33;5
572;20-feb-22;camping;$48;2
573;24/05/2022;VEstimenta;$23;5
574;01/01/2022;vestimenta;$36;3
575;16-mar-22;VESTIMENta;$44;2
576;12/01/2022;Vestímentá;$37;5
577;29/04/2022;Electronica;$5;3
578;27-feb-22;Electrónica;$14;1
579;01/01/2022;electronica;$35;2
580;13/01/2022;ElectrONICA;$25;1
581;24-abr-22;Alimento;$3;4
582;27/04/2022;Alimento;$2;4
583;19/01/2022;alimento;$10;3
584;29-ene-22;ALImento;$40;5
585;28/02/2022;áliménto;$41;1
586;26/01/2022;hogar;$21;3
587;06-abr-22;Hogar;$49;4
588;26/05/2022;HOGAR;$4;4
589;27/05/2022;JARDIN;$9;4
590;02-mar-22;JARDin;$17;3
591;17/05/2022;jardin;$51;1
592;22/03/2022;Jardin;$36;1
593;28-abr-22;Camping;$14;4
594;11/02/2022;CaMPING;$43;2
595;08/01/2022;Camping;$38;4
596;18-mar-22;camping;$48;3
597;04/03/2022;VEstimenta;$41;1
598;10/05/2022;vestimenta;$24;2
599;12-ene-22;VESTIMENta;$30;2
600;23/03/2022;Vestímentá;$12;5
601;05/02/2022;Electronica;$42;4
602;16-ene-22;Electrónica;$40;4
603;01/04/2022;electronica;$8;5
604;23/03/2022;ElectrONICA;$38;3
605;05-ene-22;Alimento;$27;4
606;30/05/2022;Alimento;$24;5
607;22/01/2022;alimento;$29;3
608;09-may-22;ALImento;$7;5
609;29/03/2022;áliménto;$31;1
610;10/03/2022;hogar;$40;1
611;25-mar-22;Hogar;$5;3
612;01/04/2022;HOGAR;$35;5
613;24/03/2022;JARDIN;$24;3
614;15-ene-22;JARDin;$45;3
615;12/01/2022;jardin;$25;5
616;30/05/2022;Jardin;$42;3
617;13-feb-22;Camping;$9;5
618;19/04/2022;CaMPING;$18;3
619;09/05/2022;Camping;$34;5
620;25-abr-22;camping;$16;2
621;25/03/2022;VEstimenta;$9;1
622;28/01/2022;vestimenta;$38;5
623;02-feb-22;VESTIMENta;$11;5
624;17/01/2022;Vestímentá;$14;3
625;08/04/2022;Electronica;$34;4
626;10-may-22;Electrónica;$13;5
627;23/05/2022;electronica;$4;1
628;22/04/2022;ElectrONICA;$39;5
629;27-ene-22;Alimento;$50;3
630;24/03/2022;Alimento;$24;3
631;23/05/2022;alimento;$24;3
632;02-feb-22;ALImento;$37;3
633;08/03/2022;áliménto;$42;3
634;25/04/2022;hogar;$20;4
635;12-abr-22;Hogar;$23;3
636;26/03/2022;HOGAR;$16;1
637;23/05/2022;JARDIN;$12;5
638;01-ene-22;JARDin;$12;2
639;14/01/2022;jardin;$17;1
640;28/02/2022;Jardin;$30;3
641;07-abr-22;Camping;$32;1
642;11/01/2022;CaMPING;$39;5
643;18/03/2022;Camping;$16;3
644;09-feb-22;camping;$19;4
645;21/05/2022;VEstimenta;$6;5
646;15/04/2022;vestimenta;$42;1
647;23-feb-22;VESTIMENta;$25;4
648;15/05/2022;Vestímentá;$19;2
649;03/03/2022;Electronica;$36;5
650;12-feb-22;Electrónica;$22;2
651;26/01/2022;electronica;$48;4
652;26/01/2022;ElectrONICA;$48;4
653;28-feb-22;Alimento;$29;1
654;18/01/2022;Alimento;$49;1
655;07/02/2022;alimento;$30;5
656;24-ene-22;ALImento;$21;5
657;05/03/2022;áliménto;$38;5
658;04/03/2022;hogar;$29;3
659;09-ene-22;Hogar;$4;2
660;05/04/2022;HOGAR;$7;5
661;04/01/2022;JARDIN;$18;2
662;08-ene-22;JARDin;$18;4
663;26/01/2022;jardin;$46;1
664;03/05/2022;Jardin;$48;2
665;10-may-22;Camping;$23;2
666;08/02/2022;CaMPING;$39;5
667;19/01/2022;Camping;$48;1
668;15-may-22;camping;$22;2
669;29/01/2022;VEstimenta;$31;1
670;02/02/2022;vestimenta;$37;4
671;19-may-22;VESTIMENta;$7;3
672;16/05/2022;Vestímentá;$42;3
673;31/05/2022;Electronica;$19;5
674;22-mar-22;Electrónica;$31;4
675;24/05/2022;electronica;$25;4
676;22/05/2022;ElectrONICA;$40;3
677;13-mar-22;Alimento;$44;1
678;20/02/2022;Alimento;$29;3
679;25/03/2022;alimento;$38;3
680;11-mar-22;ALImento;$30;5
681;02/01/2022;áliménto;$47;5
682;04/06/2022;hogar;$33;4
683;15-mar-22;Hogar;$48;2
684;26/04/2022;HOGAR;$15;5
685;23/02/2022;JARDIN;$12;2
686;26-abr-22;JARDin;$5;4
687;22/04/2022;jardin;$33;2
688;17/04/2022;Jardin;$11;3
689;28-mar-22;Camping;$43;5
690;21/04/2022;CaMPING;$4;3
691;24/03/2022;Camping;$10;1
692;16-feb-22;camping;$24;1
693;16/02/2022;VEstimenta;$39;2
694;22/03/2022;vestimenta;$35;2
695;13-ene-22;VESTIMENta;$5;1
696;08/03/2022;Vestímentá;$27;5
697;25/03/2022;Electronica;$27;2
698;28-feb-22;Electrónica;$28;1
699;10/05/2022;electronica;$47;5
700;10/01/2022;ElectrONICA;$32;5
701;21-ene-22;Alimento;$31;3
702;05/03/2022;Alimento;$5;4
703;13/01/2022;alimento;$15;1
704;28-mar-22;ALImento;$4;3
705;27/02/2022;áliménto;$8;3
706;24/04/2022;hogar;$43;3
707;18-may-22;Hogar;$24;4
708;12/03/2022;HOGAR;$26;2
709;28/04/2022;JARDIN;$14;1
710;30-abr-22;JARDin;$43;1
711;24/03/2022;jardin;$33;5
712;19/01/2022;Jardin;$27;3
713;24-feb-22;Camping;$46;5
714;31/03/2022;CaMPING;$28;1
715;04/01/2022;Camping;$27;3
716;18-ene-22;camping;$3;3
717;31/03/2022;VEstimenta;$47;3
718;01/01/2022;vestimenta;$12;1
719;14-mar-22;VESTIMENta;$39;2
720;24/04/2022;Vestímentá;$37;4
721;08/05/2022;Electronica;$17;4
722;18-may-22;Electrónica;$18;5
723;23/03/2022;electronica;$7;3
724;30/04/2022;ElectrONICA;$50;3
725;02-abr-22;Alimento;$38;2
726;19/04/2022;Alimento;$11;3
727;09/04/2022;alimento;$50;2
728;20-feb-22;ALImento;$41;1
729;01/02/2022;áliménto;$42;3
730;23/04/2022;hogar;$14;3
731;11-feb-22;Hogar;$32;5
732;26/03/2022;HOGAR;$12;1
733;07/05/2022;JARDIN;$16;2
734;03-ene-22;JARDin;$12;5
735;13/01/2022;jardin;$21;5
736;07/02/2022;Jardin;$39;4
737;02-ene-22;Camping;$30;2
738;05/06/2022;CaMPING;$44;3
739;02/05/2022;Camping;$24;2
740;16-abr-22;camping;$17;2
741;07/03/2022;VEstimenta;$10;5
742;16/03/2022;vestimenta;$49;5
743;28-feb-22;VESTIMENta;$36;4
744;19/01/2022;Vestímentá;$44;3
745;09/01/2022;Electronica;$19;5
746;18-mar-22;Electrónica;$23;3
747;18/02/2022;electronica;$35;3
748;07/02/2022;ElectrONICA;$3;5
749;16-abr-22;Alimento;$34;2
750;30/03/2022;Alimento;$17;3
751;11/05/2022;alimento;$39;5
752;13-abr-22;ALImento;$7;5
753;06/03/2022;áliménto;$34;3
754;04/04/2022;hogar;$34;5
755;03-abr-22;Hogar;$3;3
756;05/02/2022;HOGAR;$43;4
757;10/02/2022;JARDIN;$16;2
758;04-feb-22;JARDin;$40;2
759;17/03/2022;jardin;$37;5
760;21/01/2022;Jardin;$41;1
761;03-abr-22;Camping;$21;3
762;07/03/2022;CaMPING;$3;1
763;05/02/2022;Camping;$7;5
764;10-feb-22;camping;$6;5
765;15/05/2022;VEstimenta;$39;2
766;14/02/2022;vestimenta;$29;5
767;20-feb-22;VESTIMENta;$11;3
768;06/05/2022;Vestímentá;$20;4
769;04/02/2022;Electronica;$31;3
770;12-ene-22;Electrónica;$44;3
771;20/03/2022;electronica;$35;4
772;04/06/2022;ElectrONICA;$12;2
773;08-ene-22;Alimento;$7;5
774;07/03/2022;Alimento;$39;1
775;14/04/2022;alimento;$42;2
776;11-may-22;ALImento;$4;2
777;12/01/2022;áliménto;$3;3
778;09/03/2022;hogar;$30;5
779;19-feb-22;Hogar;$11;4
780;31/01/2022;HOGAR;$26;4
781;03/06/2022;JARDIN;$45;2
782;17-mar-22;JARDin;$37;2
783;16/04/2022;jardin;$34;1
784;22/02/2022;Jardin;$39;5
785;01-ene-22;Camping;$14;1
786;20/01/2022;CaMPING;$6;4
787;05/03/2022;Camping;$43;5
788;11-abr-22;camping;$8;3
789;22/01/2022;VEstimenta;$25;4
790;05/03/2022;vestimenta;$27;1
791;06-abr-22;VESTIMENta;$39;2
792;11/04/2022;Vestímentá;$50;1
793;06/01/2022;Electronica;$12;5
794;10-may-22;Electrónica;$36;4
795;15/03/2022;electronica;$50;1
796;07/01/2022;ElectrONICA;$26;1
797;05-mar-22;Alimento;$24;2
798;26/01/2022;Alimento;$24;3
799;05/04/2022;alimento;$17;4
800;30-abr-22;ALImento;$17;2
801;11/03/2022;áliménto;$43;4
802;02/06/2022;hogar;$26;4
803;28-feb-22;Hogar;$42;2
804;30/05/2022;HOGAR;$46;4
805;12/02/2022;JARDIN;$42;4
806;18-ene-22;JARDin;$9;2
807;22/03/2022;jardin;$5;5
808;07/04/2022;Jardin;$31;3
809;28-mar-22;Camping;$23;5
810;15/05/2022;CaMPING;$3;1
811;12/01/2022;Camping;$23;1
812;29-abr-22;camping;$42;3
813;10/02/2022;VEstimenta;$39;2
814;04/04/2022;vestimenta;$27;4
815;13-may-22;VESTIMENta;$19;1
816;25/03/2022;Vestímentá;$25;5
817;10/04/2022;Electronica;$42;2
818;11-may-22;Electrónica;$31;4
819;14/01/2022;electronica;$10;4
820;10/02/2022;ElectrONICA;$21;5
821;20-abr-22;Alimento;$37;5
822;23/01/2022;Alimento;$41;3
823;26/01/2022;alimento;$3;4
824;18-ene-22;ALImento;$30;1
825;10/01/2022;áliménto;$13;3
826;10/03/2022;hogar;$47;2
827;09-ene-22;Hogar;$47;1
828;19/03/2022;HOGAR;$4;5
829;27/02/2022;JARDIN;$18;5
830;05-jun-22;JARDin;$21;3
831;27/04/2022;jardin;$32;1
832;22/05/2022;Jardin;$50;4
833;28-may-22;Camping;$17;3
834;19/04/2022;CaMPING;$23;4
835;14/05/2022;Camping;$46;2
836;01-ene-22;camping;$43;4
837;11/03/2022;VEstimenta;$25;1
838;11/01/2022;vestimenta;$12;1
839;31-ene-22;VESTIMENta;$43;5
840;07/01/2022;Vestímentá;$14;2
841;02/02/2022;Electronica;$13;3
842;26-ene-22;Electrónica;$14;1
843;09/01/2022;electronica;$40;3
844;01/03/2022;ElectrONICA;$26;2
845;19-abr-22;Alimento;$14;4
846;09/05/2022;Alimento;$6;5
847;06/06/2022;alimento;$35;4
848;27-feb-22;ALImento;$6;5
849;01/01/2022;áliménto;$27;5
850;31/01/2022;hogar;$38;4
851;04-ene-22;Hogar;$28;5
852;06/01/2022;HOGAR;$15;4
853;12/02/2022;JARDIN;$44;2
854;04-mar-22;JARDin;$7;4
855;05/01/2022;jardin;$12;3
856;27/04/2022;Jardin;$32;1
857;10-mar-22;Camping;$21;3
858;09/05/2022;CaMPING;$42;4
859;26/05/2022;Camping;$30;5
860;29-mar-22;camping;$44;3
861;04/03/2022;VEstimenta;$21;2
862;31/01/2022;vestimenta;$34;2
863;04-ene-22;VESTIMENta;$47;2
864;11/05/2022;Vestímentá;$3;3
865;25/05/2022;Electronica;$34;4
866;25-abr-22;Electrónica;$11;4
867;09/03/2022;electronica;$12;2
868;21/03/2022;ElectrONICA;$46;5
869;25-mar-22;Alimento;$9;3
870;13/04/2022;Alimento;$5;4
871;01/01/2022;alimento;$26;5
872;03-abr-22;ALImento;$26;3
873;13/04/2022;áliménto;$51;3
874;29/01/2022;hogar;$28;3
875;09-may-22;Hogar;$2;2
876;11/05/2022;HOGAR;$3;3
877;02/05/2022;JARDIN;$21;5
878;06-jun-22;JARDin;$29;1
879;26/04/2022;jardin;$48;3
880;30/03/2022;Jardin;$36;2
881;11-may-22;Camping;$30;3
882;04/05/2022;CaMPING;$47;2
883;08/04/2022;Camping;$32;1
884;14-ene-22;camping;$16;3
885;22/01/2022;VEstimenta;$48;1
886;14/03/2022;vestimenta;$16;3
887;16-ene-22;VESTIMENta;$6;2
888;09/05/2022;Vestímentá;$28;4
889;18/01/2022;Electronica;$28;3
890;18-abr-22;Electrónica;$16;3
891;21/03/2022;electronica;$24;5
892;20/05/2022;ElectrONICA;$48;2
893;11-mar-22;Alimento;$26;1
894;31/03/2022;Alimento;$45;5
895;24/01/2022;alimento;$6;1
896;07-mar-22;ALImento;$28;3
897;15/05/2022;áliménto;$24;2
898;10/05/2022;hogar;$5;2
899;10-abr-22;Hogar;$39;3
900;01/06/2022;HOGAR;$24;1
901;10/03/2022;JARDIN;$3;2
902;01-jun-22;JARDin;$31;3
903;29/04/2022;jardin;$47;2
904;19/04/2022;Jardin;$22;4
905;26-abr-22;Camping;$13;5
906;18/03/2022;CaMPING;$24;4
907;06/03/2022;Camping;$28;2
908;27-mar-22;camping;$3;3
909;19/03/2022;VEstimenta;$33;5
910;07/04/2022;vestimenta;$17;5
911;17-mar-22;VESTIMENta;$2;2
912;26/03/2022;Vestímentá;$50;5
913;20/05/2022;Electronica;$47;4
914;03-jun-22;Electrónica;$48;4
915;03/05/2022;electronica;$32;4
916;02/01/2022;ElectrONICA;$31;4
917;15-may-22;Alimento;$23;4
918;06/02/2022;Alimento;$34;5
919;21/03/2022;alimento;$5;3
920;11-mar-22;ALImento;$28;1
921;02/02/2022;áliménto;$4;2
922;12/03/2022;hogar;$45;3
923;25-ene-22;Hogar;$10;4
924;11/01/2022;HOGAR;$10;2
925;28/01/2022;JARDIN;$21;5
926;02-feb-22;JARDin;$35;1
927;10/05/2022;jardin;$34;4
928;02/04/2022;Jardin;$44;4
929;15-may-22;Camping;$49;1
930;04/03/2022;CaMPING;$41;4
931;17/02/2022;Camping;$21;4
932;15-may-22;camping;$46;2
933;27/05/2022;VEstimenta;$4;3
934;27/03/2022;vestimenta;$14;1
935;29-abr-22;VESTIMENta;$11;4
936;06/04/2022;Vestímentá;$32;2
937;25/04/2022;Electronica;$11;3
938;21-feb-22;Electrónica;$41;1
939;21/02/2022;electronica;$40;1
940;30/01/2022;ElectrONICA;$23;2
941;18-abr-22;Alimento;$6;3
942;19/05/2022;Alimento;$11;1
943;07/01/2022;alimento;$36;2
944;03-jun-22;ALImento;$37;3
945;16/01/2022;áliménto;$21;4
946;01/03/2022;hogar;$24;5
947;18-mar-22;Hogar;$22;1
948;16/03/2022;HOGAR;$10;5
949;14/03/2022;JARDIN;$27;1
950;31-ene-22;JARDin;$8;5
951;11/01/2022;jardin;$45;1
952;21/05/2022;Jardin;$38;5
953;03-feb-22;Camping;$32;5
954;14/05/2022;CaMPING;$39;1
955;18/03/2022;Camping;$50;4
956;31-mar-22;camping;$12;4
957;24/02/2022;VEstimenta;$47;5
958;07/03/2022;vestimenta;$27;5
959;25-feb-22;VESTIMENta;$30;3
960;13/01/2022;Vestímentá;$28;5
961;24/02/2022;Electronica;$11;3
962;05-ene-22;Electrónica;$36;4
963;16/04/2022;electronica;$35;1
964;17/04/2022;ElectrONICA;$26;2
965;08-abr-22;Alimento;$29;1
966;30/05/2022;Alimento;$11;4
967;25/03/2022;alimento;$13;5
968;05-ene-22;ALImento;$26;3
969;27/02/2022;áliménto;$50;2
970;11/04/2022;hogar;$11;1
971;19-abr-22;Hogar;$26;1
972;11/02/2022;HOGAR;$32;2
973;19/05/2022;JARDIN;$30;4
974;25-mar-22;JARDin;$46;4
975;26/05/2022;jardin;$11;1
976;29/04/2022;Jardin;$40;1
977;05-mar-22;Camping;$45;2
978;25/02/2022;CaMPING;$12;2
979;06/01/2022;Camping;$4;5
980;26-ene-22;camping;$14;2
981;01/05/2022;VEstimenta;$46;5
982;01/04/2022;vestimenta;$50;2
983;30-abr-22;VESTIMENta;$38;4
984;27/04/2022;Vestímentá;$49;1
985;01/02/2022;Electronica;$23;4
986;17-abr-22;Electrónica;$39;1
987;19/03/2022;electronica;$24;3
988;19/03/2022;ElectrONICA;$10;2
989;18-abr-22;Alimento;$29;1
990;30/05/2022;Alimento;$19;2
991;23/02/2022;alimento;$25;1
992;19-feb-22;ALImento;$34;1
993;29/01/2022;áliménto;$23;3
994;28/04/2022;hogar;$12;2
995;16-feb-22;Hogar;$20;4
996;17/02/2022;HOGAR;$17;3
997;28/01/2022;JARDIN;$8;3
998;19-abr-22;JARDin;$21;1
999;27/04/2022;jardin;$15;3
1000;09/03/2022;Jardin;$48;1
1001;01-mar-22;Camping;$45;2
1002;07/03/2022;CaMPING;$30;1
1003;04/03/2022;Camping;$12;2
1004;12-abr-22;camping;$5;1
1005;26/01/2022;VEstimenta;$39;2
1006;05/05/2022;vestimenta;$3;4
1007;27-feb-22;VESTIMENta;$38;4
1008;10/01/2022;Vestímentá;$24;3
1009;17/05/2022;Electronica;$22;3
1010;19-may-22;Electrónica;$16;2
1011;25/01/2022;electronica;$46;3
1012;31/01/2022;ElectrONICA;$37;4
1013;09-mar-22;Alimento;$46;1
1014;10/05/2022;Alimento;$38;5
1015;01/02/2022;alimento;$19;1
1016;29-ene-22;ALImento;$40;4
1017;03/01/2022;áliménto;$40;5
1018;09/04/2022;hogar;$20;3
1019;03-abr-22;Hogar;$15;4
1020;04/01/2022;HOGAR;$15;4
1021;23/05/2022;JARDIN;$29;3
1022;05-jun-22;JARDin;$29;3
1023;04/01/2022;jardin;$19;4
1024;13/04/2022;Jardin;$32;4
1025;30-ene-22;Camping;$45;4
1026;28/01/2022;CaMPING;$23;4
1027;08/03/2022;Camping;$38;2
1028;02-abr-22;camping;$9;5
1029;05/05/2022;VEstimenta;$13;2
1030;03/06/2022;vestimenta;$38;2
1031;22-ene-22;VESTIMENta;$42;1
1032;19/04/2022;Vestímentá;$20;1
1033;04/06/2022;Electronica;$8;3
1034;11-abr-22;Electrónica;$43;3
1035;11/02/2022;electronica;$8;3
1036;15/03/2022;ElectrONICA;$10;2
1037;24-may-22;Alimento;$44;5
1038;15/01/2022;Alimento;$38;5
1039;28/05/2022;alimento;$3;1
1040;29-abr-22;ALImento;$30;4
1041;30/01/2022;áliménto;$39;5
1042;19/04/2022;hogar;$43;5
1043;23-may-22;Hogar;$15;3
1044;09/03/2022;HOGAR;$33;1
1045;24/04/2022;JARDIN;$25;5
1046;22-feb-22;JARDin;$25;2
1047;09/02/2022;jardin;$41;2
1048;03/02/2022;Jardin;$27;3
1049;30-abr-22;Camping;$25;2
1050;26/03/2022;CaMPING;$8;5
1051;17/03/2022;Camping;$43;4
1052;08-may-22;camping;$28;4
1053;20/03/2022;VEstimenta;$14;1
1054;24/03/2022;vestimenta;$36;3
1055;23-abr-22;VESTIMENta;$13;2
1056;03/03/2022;Vestímentá;$20;2
1057;30/05/2022;Electronica;$13;2
1058;20-mar-22;Electrónica;$22;4
1059;29/01/2022;electronica;$41;2
1060;02/04/2022;ElectrONICA;$38;3
1061;10-feb-22;Alimento;$5;3
1062;02/05/2022;Alimento;$16;4
1063;03/06/2022;alimento;$28;1
1064;09-feb-22;ALImento;$41;3
1065;29/04/2022;áliménto;$3;4
1066;14/02/2022;hogar;$32;1
1067;17-feb-22;Hogar;$15;3
1068;14/05/2022;HOGAR;$19;2
1069;06/01/2022;JARDIN;$24;3
1070;12-feb-22;JARDin;$51;1
1071;15/05/2022;jardin;$8;4
1072;21/05/2022;Jardin;$46;2
1073;03-abr-22;Camping;$48;2
1074;05/05/2022;CaMPING;$6;2
1075;05/02/2022;Camping;$6;1
1076;03-may-22;camping;$34;3
1077;26/05/2022;VEstimenta;$44;1
1078;02/03/2022;vestimenta;$8;2
1079;13-mar-22;VESTIMENta;$19;3
1080;22/01/2022;Vestímentá;$7;3
1081;13/04/2022;Electronica;$38;1
1082;18-abr-22;Electrónica;$5;1
1083;06/06/2022;electronica;$22;1
1084;06/04/2022;ElectrONICA;$42;4
1085;28-mar-22;Alimento;$47;3
1086;06/05/2022;Alimento;$51;5
1087;02/02/2022;alimento;$10;3
1088;24-ene-22;ALImento;$42;3
1089;06/01/2022;áliménto;$31;1
1090;09/04/2022;hogar;$30;1
1091;08-feb-22;Hogar;$20;1
1092;15/05/2022;HOGAR;$42;2
1093;01/06/2022;JARDIN;$20;2
1094;15-may-22;JARDin;$10;4
1095;15/04/2022;jardin;$34;2
1096;06/01/2022;Jardin;$42;2
1097;17-mar-22;Camping;$36;2
1098;19/03/2022;CaMPING;$4;2
1099;03/02/2022;Camping;$38;1
1100;26-abr-22;camping;$3;2
1101;04/06/2022;VEstimenta;$6;2
1102;16/03/2022;VEstimenta;$26;2
1103;21-feb-22;vestimenta;$2;1
1104;23/01/2022;VESTIMENta;$33;5
1105;21/04/2022;Vestímentá;$4;1
1106;02-abr-22;Electronica;$14;4
1107;15/05/2022;Electrónica;$26;1
1108;07/05/2022;electronica;$41;1
1109;26-mar-22;ElectrONICA;$30;1
1110;06/03/2022;Alimento;$27;1
1111;11/04/2022;Alimento;$46;5
1112;23-feb-22;alimento;$23;4
1113;05/03/2022;ALImento;$42;3
1114;25/05/2022;áliménto;$21;5
1115;17-mar-22;hogar;$45;2
1116;08/04/2022;Hogar;$11;5
1117;14/03/2022;HOGAR;$48;5
1118;23-abr-22;JARDIN;$35;2
1119;12/02/2022;JARDin;$15;4
1120;27/05/2022;jardin;$12;1
1121;01-feb-22;Jardin;$41;2
1122;01/05/2022;Camping;$22;1
1123;08/02/2022;CaMPING;$8;1
1124;27-may-22;Camping;$9;2
1125;26/05/2022;camping;$33;2
1126;10/04/2022;VEstimenta;$15;5
1127;25-may-22;VEstimenta;$17;3
1128;05/02/2022;vestimenta;$31;3
1129;08/04/2022;VESTIMENta;$22;4
1130;20-abr-22;Vestímentá;$4;1
1131;17/02/2022;Electronica;$34;1
1132;24/01/2022;Electrónica;$30;2
1133;17-ene-22;electronica;$26;1
1134;18/02/2022;ElectrONICA;$14;2
1135;19/01/2022;Alimento;$10;1
1136;22-ene-22;Alimento;$33;1
1137;12/03/2022;alimento;$45;3
1138;19/02/2022;ALImento;$23;4
1139;06-abr-22;áliménto;$17;3
1140;20/04/2022;hogar;$20;3
1141;01/03/2022;Hogar;$15;2
1142;31-ene-22;HOGAR;$42;2
1143;17/05/2022;JARDIN;$38;5
1144;27/02/2022;JARDin;$38;4
1145;18-feb-22;jardin;$22;2
1146;26/01/2022;Jardin;$47;1
1147;02/02/2022;Camping;$29;2
1148;10-feb-22;CaMPING;$44;5
1149;01/06/2022;Camping;$22;1
1150;03/06/2022;camping;$50;1
1151;04-feb-22;VEstimenta;$46;5
1152;07/03/2022;VEstimenta;$3;3
1153;07/01/2022;vestimenta;$26;4
1154;28-ene-22;VESTIMENta;$11;4
1155;24/02/2022;Vestímentá;$6;3
1156;04/05/2022;Electronica;$28;2
1157;31-mar-22;Electrónica;$18;2
1158;28/03/2022;electronica;$47;5
1159;06/05/2022;ElectrONICA;$40;5
1160;18-ene-22;Alimento;$29;4
1161;18/05/2022;Alimento;$50;4
1162;02/05/2022;alimento;$32;2
1163;22-feb-22;ALImento;$49;4
1164;28/01/2022;áliménto;$34;4
1165;07/05/2022;hogar;$21;1
1166;05-mar-22;Hogar;$32;1
1167;02/03/2022;HOGAR;$47;4
1168;20/03/2022;JARDIN;$17;1
1169;17-feb-22;JARDin;$30;2
1170;02/05/2022;jardin;$32;2
1171;01/06/2022;Jardin;$40;1
1172;31-may-22;Camping;$23;3
1173;14/02/2022;CaMPING;$45;3
1174;12/04/2022;Camping;$45;4
1175;27-may-22;camping;$38;3
1176;17/01/2022;VEstimenta;$3;1
1177;14/05/2022;VEstimenta;$38;4
1178;23-feb-22;vestimenta;$37;5
1179;27/03/2022;VESTIMENta;$48;2
1180;16/04/2022;Vestímentá;$43;2
1181;14-ene-22;Electronica;$45;5
1182;16/04/2022;Electrónica;$22;5
1183;17/04/2022;electronica;$35;5
1184;24-mar-22;ElectrONICA;$41;1
1185;23/02/2022;Alimento;$7;3
1186;01/05/2022;Alimento;$6;3
1187;20-ene-22;alimento;$27;3
1188;28/01/2022;ALImento;$20;3
1189;15/01/2022;áliménto;$13;4
1190;30-mar-22;hogar;$18;1
1191;01/06/2022;Hogar;$20;5
1192;13/01/2022;HOGAR;$7;1
1193;05-jun-22;JARDIN;$25;2
1194;27/01/2022;JARDin;$46;2
1195;15/03/2022;jardin;$45;5
1196;06-ene-22;Jardin;$6;2
1197;21/05/2022;Camping;$25;5
1198;01/03/2022;CaMPING;$34;5
1199;25-abr-22;Camping;$2;2
1200;21/05/2022;camping;$20;1
1201;16/04/2022;VEstimenta;$45;3
1202;30-mar-22;VEstimenta;$50;1
1203;11/03/2022;vestimenta;$35;2
1204;09/03/2022;VESTIMENta;$10;1
1205;13-abr-22;Vestímentá;$7;5
1206;29/04/2022;Electronica;$13;2
1207;16/01/2022;Electrónica;$34;3
1208;21-abr-22;electronica;$32;2
1209;29/04/2022;ElectrONICA;$20;4
1210;26/04/2022;Alimento;$45;2
1211;14-may-22;Alimento;$22;1
1212;21/02/2022;alimento;$3;1
1213;14/02/2022;ALImento;$9;3
1214;19-feb-22;áliménto;$16;3
1215;14/04/2022;hogar;$7;5
1216;14/02/2022;Hogar;$44;5
1217;24-feb-22;HOGAR;$34;1
1218;19/04/2022;JARDIN;$29;3
1219;08/03/2022;JARDin;$43;1
1220;06-feb-22;jardin;$7;2
1221;25/04/2022;Jardin;$13;3
1222;19/05/2022;Camping;$32;5
1223;20-mar-22;CaMPING;$2;1
1224;21/01/2022;Camping;$3;2
1225;03/04/2022;camping;$13;3
1226;01-abr-22;VEstimenta;$26;3
1227;06/01/2022;VEstimenta;$28;2
1228;10/04/2022;vestimenta;$7;3
1229;09-ene-22;VESTIMENta;$21;2
1230;11/01/2022;Vestímentá;$48;3
1231;15/05/2022;Electronica;$45;1
1232;07-may-22;Electrónica;$10;3
1233;26/03/2022;electronica;$22;3
1234;16/03/2022;ElectrONICA;$28;1
1235;30-ene-22;Alimento;$38;5
1236;11/05/2022;Alimento;$16;4
1237;30/04/2022;alimento;$33;2
1238;28-abr-22;ALImento;$22;3
1239;05/04/2022;áliménto;$4;1
1240;23/02/2022;hogar;$5;5
1241;17-ene-22;Hogar;$27;5
1242;10/03/2022;HOGAR;$28;4
1243;26/03/2022;JARDIN;$45;1
1244;29-ene-22;JARDin;$6;2
1245;02/03/2022;jardin;$25;4
1246;05/04/2022;Jardin;$13;4
1247;02-jun-22;Camping;$23;1
1248;22/01/2022;CaMPING;$28;2
1249;01/01/2022;Camping;$46;1
1250;27-may-22;camping;$50;5
1251;24/03/2022;VEstimenta;$28;1
1252;18/05/2022;VEstimenta;$13;3
1253;30-mar-22;vestimenta;$25;5
1254;16/04/2022;VESTIMENta;$8;2
1255;23/04/2022;Vestímentá;$16;5
1256;12-may-22;Electronica;$16;2
1257;30/03/2022;Electrónica;$13;2
1258;25/03/2022;electronica;$9;1
1259;21-abr-22;ElectrONICA;$43;4
1260;27/02/2022;Alimento;$16;5
1261;12/05/2022;Alimento;$23;4
1262;19-abr-22;alimento;$43;4
1263;22/04/2022;ALImento;$17;2
1264;06/06/2022;áliménto;$4;4
1265;27-abr-22;hogar;$19;4
1266;08/05/2022;Hogar;$43;1
1267;17/01/2022;HOGAR;$32;3
1268;01-abr-22;JARDIN;$47;2
1269;16/03/2022;JARDin;$22;4
1270;24/05/2022;jardin;$26;4
1271;10-may-22;Jardin;$10;3
1272;25/03/2022;Camping;$32;2
1273;02/04/2022;CaMPING;$39;5
1274;02-may-22;Camping;$37;1
1275;05/01/2022;camping;$21;3
1276;18/01/2022;VEstimenta;$19;5
1277;18-ene-22;VEstimenta;$27;5
1278;05/04/2022;vestimenta;$48;1
1279;04/02/2022;VESTIMENta;$14;1
1280;02-jun-22;Vestímentá;$39;5
1281;09/03/2022;Electronica;$47;2
1282;05/01/2022;Electrónica;$14;1
1283;28-feb-22;electronica;$7;3
1284;03/01/2022;ElectrONICA;$30;5
1285;26/04/2022;Alimento;$11;5
1286;16-mar-22;Alimento;$16;1
1287;29/04/2022;alimento;$9;1
1288;20/04/2022;ALImento;$50;3
1289;17-feb-22;áliménto;$15;1
1290;06/01/2022;hogar;$34;5
1291;11/02/2022;Hogar;$38;3
1292;17-mar-22;HOGAR;$32;1
1293;26/03/2022;JARDIN;$50;3
1294;21/02/2022;JARDin;$16;1
1295;17-mar-22;jardin;$15;1
1296;20/04/2022;Jardin;$27;4
1297;04/03/2022;Camping;$14;3
1298;06-may-22;CaMPING;$6;2
1299;16/02/2022;Camping;$34;4
1300;01/05/2022;camping;$12;3
1301;05-jun-22;VEstimenta;$35;3
1302;25/03/2022;VEstimenta;$51;4
1303;07/01/2022;vestimenta;$28;3
1304;04-mar-22;VESTIMENta;$47;1
1305;28/04/2022;Vestímentá;$44;2
1306;30/04/2022;Electronica;$7;1
1307;28-feb-22;Electrónica;$20;4
1308;18/02/2022;electronica;$47;1
1309;14/04/2022;ElectrONICA;$17;1
1310;25-mar-22;Alimento;$36;1
1311;05/03/2022;Alimento;$46;2
1312;18/05/2022;alimento;$20;2
1313;18-may-22;ALImento;$43;2
1314;01/05/2022;áliménto;$29;4
1315;02/01/2022;hogar;$33;4
1316;06-jun-22;Hogar;$14;5
1317;06/06/2022;HOGAR;$13;3
1318;02/05/2022;JARDIN;$11;2
1319;21-may-22;JARDin;$31;2
1320;30/05/2022;jardin;$11;4
1321;09/01/2022;Jardin;$46;4
1322;10-feb-22;Camping;$15;4
1323;04/06/2022;CaMPING;$16;2
1324;01/02/2022;Camping;$20;3
1325;13-may-22;camping;$33;1
1326;03/06/2022;VEstimenta;$5;5
1327;30/03/2022;VEstimenta;$16;5
1328;08-feb-22;vestimenta;$22;5
1329;14/04/2022;VESTIMENta;$20;4
1330;04/05/2022;Vestímentá;$29;4
1331;04-feb-22;Electronica;$36;3
1332;29/01/2022;Electrónica;$48;5
1333;31/01/2022;electronica;$15;4
1334;13-may-22;ElectrONICA;$10;1
1335;18/02/2022;Alimento;$43;5
1336;17/02/2022;Alimento;$5;2
1337;08-may-22;alimento;$23;4
1338;18/04/2022;ALImento;$46;4
1339;28/03/2022;áliménto;$4;5
1340;03-may-22;hogar;$47;5
1341;24/01/2022;Hogar;$42;3
1342;23/02/2022;HOGAR;$11;2
1343;06-feb-22;JARDIN;$8;1
1344;03/03/2022;JARDin;$3;1
1345;07/05/2022;jardin;$37;5
1346;20-may-22;Jardin;$17;5
1347;21/02/2022;Camping;$25;2
1348;27/04/2022;CaMPING;$41;1
1349;24-may-22;Camping;$27;4
1350;02/06/2022;camping;$9;3
1351;02/04/2022;VEstimenta;$28;5
1352;01-jun-22;VEstimenta;$34;2
1353;04/05/2022;vestimenta;$44;4
1354;04/05/2022;VESTIMENta;$29;5
1355;25-mar-22;Vestímentá;$15;5
1356;06/05/2022;Electronica;$28;1
1357;26/03/2022;Electrónica;$17;5
1358;28-feb-22;electronica;$29;4
1359;22/01/2022;ElectrONICA;$36;2
1360;10/02/2022;Alimento;$23;4
1361;15-ene-22;Alimento;$37;1
1362;30/03/2022;alimento;$22;1
1363;16/02/2022;ALImento;$15;5
1364;04-ene-22;áliménto;$29;3
1365;04/02/2022;hogar;$5;1
1366;05/01/2022;Hogar;$10;4
1367;12-mar-22;HOGAR;$51;1
1368;03/04/2022;JARDIN;$24;2
1369;27/04/2022;JARDin;$21;2
1370;21-may-22;jardin;$34;1
1371;24/03/2022;Jardin;$37;3
1372;04/06/2022;Camping;$14;3
1373;13-may-22;CaMPING;$29;2
1374;27/01/2022;Camping;$21;2
1375;25/01/2022;camping;$27;1
1376;23-mar-22;VEstimenta;$25;1
1377;24/01/2022;VEstimenta;$45;1
1378;08/01/2022;vestimenta;$40;4
1379;18-mar-22;VESTIMENta;$12;4
1380;22/04/2022;Vestímentá;$7;2
1381;21/05/2022;Electronica;$15;4
1382;27-may-22;Electrónica;$46;1
1383;14/02/2022;electronica;$9;2
1384;03/05/2022;ElectrONICA;$47;5
1385;28-may-22;Alimento;$11;2
1386;20/01/2022;Alimento;$45;1
1387;22/01/2022;alimento;$28;3
1388;23-may-22;ALImento;$12;4
1389;12/03/2022;áliménto;$31;2
1390;05/02/2022;hogar;$47;1
1391;20-abr-22;Hogar;$44;4
1392;05/01/2022;HOGAR;$38;4
1393;05/03/2022;JARDIN;$17;4
1394;08-mar-22;JARDin;$30;4
1395;28/01/2022;jardin;$9;5
1396;28/02/2022;Jardin;$46;3
1397;07-ene-22;Camping;$22;1
1398;07/01/2022;CaMPING;$47;3
1399;27/04/2022;Camping;$24;5
1400;18-ene-22;camping;$11;4
1401;31/05/2022;VEstimenta;$44;2
1402;13/03/2022;VEstimenta;$4;2
1403;17-may-22;vestimenta;$36;3
1404;31/05/2022;VESTIMENta;$40;1
1405;07/03/2022;Vestímentá;$15;4
1406;04-ene-22;Electronica;$13;1
1407;14/02/2022;Electrónica;$42;3
1408;13/01/2022;electronica;$27;3
1409;03-jun-22;ElectrONICA;$20;1
1410;20/02/2022;Alimento;$36;5
1411;28/04/2022;Alimento;$3;3
1412;09-may-22;alimento;$24;4
1413;29/03/2022;ALImento;$36;5
1414;19/04/2022;áliménto;$26;4
1415;14-abr-22;hogar;$44;1
1416;04/01/2022;Hogar;$8;5
1417;22/03/2022;HOGAR;$45;3
1418;03-ene-22;JARDIN;$33;2
1419;06/04/2022;JARDin;$30;4
1420;21/04/2022;jardin;$22;4
1421;30-ene-22;Jardin;$44;1
1422;23/05/2022;Camping;$13;5
1423;12/04/2022;CaMPING;$24;5
1424;24-mar-22;Camping;$13;2
1425;17/02/2022;camping;$38;5
1426;03/03/2022;VEstimenta;$22;4
1427;17-ene-22;VEstimenta;$26;5
1428;06/06/2022;vestimenta;$19;5
1429;12/02/2022;VESTIMENta;$15;2
1430;18-feb-22;Vestímentá;$50;3
1431;29/03/2022;Electronica;$15;5
1432;26/02/2022;Electrónica;$36;3
1433;04-abr-22;electronica;$24;2
1434;27/03/2022;ElectrONICA;$33;1
1435;05/02/2022;Alimento;$16;5
1436;03-jun-22;Alimento;$30;2
1437;28/05/2022;alimento;$45;2
1438;16/05/2022;ALImento;$5;1
1439;08-abr-22;áliménto;$5;1
1440;24/03/2022;hogar;$35;1
1441;22/05/2022;Hogar;$47;5
1442;29-may-22;HOGAR;$36;3
1443;04/02/2022;JARDIN;$34;3
1444;11/04/2022;JARDin;$3;3
1445;27-feb-22;jardin;$25;4
1446;25/02/2022;Jardin;$19;2
1447;24/02/2022;Camping;$49;5
1448;09-mar-22;CaMPING;$17;4
1449;08/05/2022;Camping;$15;1
1450;26/01/2022;camping;$40;1
1451;06-jun-22;VEstimenta;$42;2
1452;01/04/2022;VEstimenta;$35;3
1453;29/01/2022;vestimenta;$17;3
1454;04-abr-22;VESTIMENta;$11;5
1455;18/05/2022;Vestímentá;$44;1
1456;21/05/2022;Electronica;$39;1
1457;03-may-22;Electrónica;$27;4
1458;08/04/2022;electronica;$9;2
1459;17/05/2022;ElectrONICA;$20;1
1460;20-mar-22;Alimento;$23;1
1461;02/04/2022;Alimento;$47;4
1462;31/05/2022;alimento;$41;4
1463;29-mar-22;ALImento;$45;3
1464;21/01/2022;áliménto;$50;3
1465;20/02/2022;hogar;$40;1
1466;13-abr-22;Hogar;$46;3
1467;14/01/2022;HOGAR;$26;1
1468;26/04/2022;JARDIN;$15;2
1469;30-ene-22;JARDin;$35;5
1470;20/03/2022;jardin;$32;2
1471;12/05/2022;Jardin;$29;4
1472;21-mar-22;Camping;$14;4
1473;02/06/2022;CaMPING;$9;5
1474;28/02/2022;Camping;$13;2
1475;31-may-22;camping;$11;1
1476;16/03/2022;VEstimenta;$36;2
1477;15/05/2022;VEstimenta;$45;4
1478;12-abr-22;vestimenta;$34;2
1479;11/02/2022;VESTIMENta;$33;2
1480;27/01/2022;Vestímentá;$41;1
1481;21-mar-22;Electronica;$38;5
1482;19/05/2022;Electrónica;$39;2
1483;26/02/2022;electronica;$21;5
1484;05-mar-22;ElectrONICA;$48;2
1485;29/01/2022;Alimento;$49;4
1486;28/04/2022;Alimento;$21;2
1487;20-mar-22;alimento;$3;1
1488;04/02/2022;ALImento;$11;1
1489;19/04/2022;áliménto;$6;2
1490;25-abr-22;hogar;$11;2
1491;28/04/2022;Hogar;$29;5
1492;01/05/2022;HOGAR;$28;2
1493;11-may-22;JARDIN;$28;5
1494;19/01/2022;JARDin;$28;4
1495;25/04/2022;jardin;$31;2
1496;16-feb-22;Jardin;$15;2
1497;26/02/2022;Camping;$9;3
1498;09/03/2022;CaMPING;$4;2
1499;14-ene-22;Camping;$18;2
1500;16/02/2022;camping;$36;5
1501;08/03/2022;VEstimenta;$40;5
1502;11-ene-22;VEstimenta;$14;2
1503;19/04/2022;vestimenta;$28;3
1504;06/01/2022;VESTIMENta;$5;5
1505;06-mar-22;Vestímentá;$17;1
1506;06/04/2022;Electronica;$27;2
1507;23/04/2022;Electrónica;$27;2
1508;11-abr-22;electronica;$33;4
1509;16/02/2022;ElectrONICA;$24;2
1510;27/04/2022;Alimento;$29;2
1511;23-may-22;Alimento;$9;1
1512;21/02/2022;alimento;$29;3
1513;07/05/2022;ALImento;$5;1
1514;21-abr-22;áliménto;$41;2
1515;12/01/2022;hogar;$6;4
1516;07/05/2022;Hogar;$40;1
1517;21-mar-22;HOGAR;$42;4
1518;04/01/2022;JARDIN;$45;1
1519;08/02/2022;JARDin;$24;5
1520;08-feb-22;jardin;$5;4
1521;13/04/2022;Jardin;$25;4
1522;19/05/2022;Camping;$12;3
1523;17-mar-22;CaMPING;$15;5
1524;12/03/2022;Camping;$2;1
1525;19/02/2022;camping;$25;2
1526;06-feb-22;VEstimenta;$11;1
1527;18/04/2022;VEstimenta;$45;2
1528;10/01/2022;vestimenta;$45;5
1529;17-ene-22;VESTIMENta;$8;3
1530;14/05/2022;Vestímentá;$17;2
1531;04/02/2022;Electronica;$23;3
1532;08-may-22;Electrónica;$17;4
1533;16/05/2022;electronica;$4;4
1534;04/06/2022;ElectrONICA;$37;1
1535;19-abr-22;Alimento;$23;4
1536;18/02/2022;Alimento;$31;2
1537;06/03/2022;alimento;$16;3
1538;21-abr-22;ALImento;$51;1
1539;25/02/2022;áliménto;$43;2
1540;08/05/2022;hogar;$22;4
1541;12-abr-22;Hogar;$49;5
1542;01/01/2022;HOGAR;$21;1
1543;11/02/2022;JARDIN;$10;4
1544;31-may-22;JARDin;$37;2
1545;23/04/2022;jardin;$26;1
1546;14/01/2022;Jardin;$36;1
1547;15-abr-22;Camping;$12;5
1548;06/03/2022;CaMPING;$14;5
1549;30/01/2022;Camping;$29;2
1550;31-ene-22;camping;$42;1
1551;29/04/2022;VEstimenta;$49;5
1552;28/03/2022;VEstimenta;$36;2
1553;16-feb-22;vestimenta;$6;5
1554;12/02/2022;VESTIMENta;$51;4
1555;06/01/2022;Vestímentá;$12;3
1556;06-feb-22;Electronica;$7;2
1557;06/01/2022;Electrónica;$46;5
1558;15/01/2022;electronica;$46;2
1559;13-mar-22;ElectrONICA;$6;3
1560;18/03/2022;Alimento;$26;5
1561;25/01/2022;Alimento;$13;3
1562;07-feb-22;alimento;$10;1
1563;13/02/2022;ALImento;$47;5
1564;09/01/2022;áliménto;$47;3
1565;15-mar-22;hogar;$28;2
1566;29/01/2022;Hogar;$21;3
1567;20/01/2022;HOGAR;$44;1
1568;29-may-22;JARDIN;$41;3
1569;19/02/2022;JARDin;$7;4
1570;29/01/2022;jardin;$22;3
1571;29-ene-22;Jardin;$35;1
1572;25/04/2022;Camping;$29;1
1573;13/02/2022;CaMPING;$22;1
1574;17-ene-22;Camping;$7;2
1575;05/01/2022;camping;$50;5
1576;13/02/2022;VEstimenta;$22;1
1577;01-jun-22;VEstimenta;$45;4
1578;26/01/2022;vestimenta;$38;4
1579;26/01/2022;VESTIMENta;$45;1
1580;01-ene-22;Vestímentá;$13;4
1581;15/03/2022;Electronica;$41;2
1582;29/05/2022;Electrónica;$35;5
1583;09-may-22;electronica;$27;5
1584;07/02/2022;ElectrONICA;$5;1
1585;27/04/2022;Alimento;$37;2
1586;15-ene-22;Alimento;$17;1
1587;14/02/2022;alimento;$19;1
1588;09/04/2022;ALImento;$37;2
1589;15-may-22;áliménto;$48;3
1590;26/04/2022;hogar;$30;4
1591;19/04/2022;Hogar;$17;4
1592;28-abr-22;HOGAR;$50;4
1593;03/06/2022;JARDIN;$34;1
1594;12/02/2022;JARDin;$26;3
1595;24-mar-22;jardin;$18;1
1596;28/05/2022;Jardin;$20;1
1597;20/02/2022;Camping;$12;3
1598;25-abr-22;CaMPING;$26;1
1599;06/03/2022;Camping;$27;1
1600;24/03/2022;camping;$22;1
1601;03-ene-22;VEstimenta;$44;4
1602;22/02/2022;VEstimenta;$41;2
1603;15/01/2022;vestimenta;$23;5
1604;18-abr-22;VESTIMENta;$20;5
1605;06/04/2022;Vestímentá;$46;4
1606;24/05/2022;Electronica;$2;3
1607;20-may-22;Electrónica;$22;2
1608;12/03/2022;electronica;$45;3
1609;04/04/2022;ElectrONICA;$43;5
1610;31-may-22;Alimento;$35;4
1611;24/02/2022;Alimento;$32;4
1612;05/02/2022;alimento;$3;1
1613;19-ene-22;ALImento;$20;4
1614;09/04/2022;áliménto;$43;5
1615;26/03/2022;hogar;$51;1
1616;29-mar-22;Hogar;$19;1
1617;17/02/2022;HOGAR;$10;4
1618;20/03/2022;JARDIN;$43;1
1619;01-jun-22;JARDin;$10;2
1620;28/02/2022;jardin;$38;5
1621;22/03/2022;Jardin;$5;3
1622;10-mar-22;Camping;$4;1
1623;28/05/2022;CaMPING;$33;1
1624;16/01/2022;Camping;$21;4
1625;08-abr-22;camping;$19;1
1626;01/05/2022;VEstimenta;$29;2
1627;04/05/2022;VEstimenta;$6;3
1628;07-abr-22;vestimenta;$16;5
1629;19/03/2022;VESTIMENta;$16;2
1630;15/04/2022;Vestímentá;$14;5
1631;30-mar-22;Electronica;$50;1
1632;20/04/2022;Electrónica;$39;4
1633;15/01/2022;electronica;$46;1
1634;30-abr-22;ElectrONICA;$31;5
1635;20/01/2022;Alimento;$30;4
1636;08/01/2022;Alimento;$48;3
1637;09-may-22;alimento;$29;1
1638;01/01/2022;ALImento;$20;4
1639;12/05/2022;áliménto;$28;5
1640;15-abr-22;hogar;$30;3
1641;08/03/2022;Hogar;$32;3
1642;28/04/2022;HOGAR;$18;3
1643;02-may-22;JARDIN;$6;1
1644;09/02/2022;JARDin;$27;5
1645;05/06/2022;jardin;$32;1
1646;05-mar-22;Jardin;$19;4
1647;24/04/2022;Camping;$36;2
1648;03/03/2022;CaMPING;$43;3
1649;19-abr-22;Camping;$35;5
1650;18/03/2022;camping;$26;1
1651;06/06/2022;VEstimenta;$24;4
1652;06-abr-22;VEstimenta;$19;1
1653;29/01/2022;vestimenta;$43;2
1654;27/05/2022;VESTIMENta;$38;3
1655;02-ene-22;Vestímentá;$39;4
1656;09/04/2022;Electronica;$47;3
1657;30/05/2022;Electrónica;$43;5
1658;19-ene-22;electronica;$36;1
1659;09/02/2022;ElectrONICA;$32;5
1660;14/04/2022;Alimento;$26;3
1661;02-ene-22;Alimento;$34;4
1662;26/03/2022;alimento;$16;5
1663;09/03/2022;ALImento;$41;2
1664;04-mar-22;áliménto;$39;5
1665;23/04/2022;hogar;$9;1
1666;09/04/2022;Hogar;$12;4
1667;11-abr-22;HOGAR;$26;1
1668;13/04/2022;JARDIN;$36;5
1669;22/05/2022;JARDin;$31;3
1670;26-may-22;jardin;$26;5
1671;08/05/2022;Jardin;$2;5
1672;14/05/2022;Camping;$49;4
1673;15-feb-22;CaMPING;$3;4
1674;12/05/2022;Camping;$7;5
1675;26/02/2022;camping;$47;3
1676;12-ene-22;VEstimenta;$14;4
1677;28/01/2022;VEstimenta;$9;3
1678;13/05/2022;vestimenta;$32;4
1679;07-feb-22;VESTIMENta;$41;5
1680;16/04/2022;Vestímentá;$30;1
1681;14/03/2022;Electronica;$30;4
1682;03-mar-22;Electrónica;$6;1
1683;21/01/2022;electronica;$14;1
1684;09/05/2022;ElectrONICA;$2;4
1685;16-mar-22;Alimento;$6;1
1686;03/03/2022;Alimento;$13;2
1687;20/01/2022;alimento;$11;2
1688;25-mar-22;ALImento;$15;5
1689;23/02/2022;áliménto;$19;2
1690;06/02/2022;hogar;$13;1
1691;14-mar-22;Hogar;$16;4
1692;06/01/2022;HOGAR;$4;1
1693;20/03/2022;JARDIN;$31;5
1694;26-abr-22;JARDin;$49;1
1695;08/04/2022;jardin;$12;1
1696;07/03/2022;Jardin;$43;5
1697;29-abr-22;Camping;$39;5
1698;20/02/2022;CaMPING;$4;4
1699;02/04/2022;Camping;$34;5
1700;16-may-22;camping;$47;2
1701;18/05/2022;VEstimenta;$50;1
1702;17/01/2022;VEstimenta;$9;2
1703;01-feb-22;vestimenta;$48;5
1704;11/02/2022;VESTIMENta;$26;5
1705;13/05/2022;Vestímentá;$6;3
1706;14-may-22;Electronica;$37;3
1707;08/02/2022;Electrónica;$13;4
1708;11/04/2022;electronica;$24;4
1709;04-abr-22;ElectrONICA;$12;3
1710;28/04/2022;Alimento;$39;4
1711;01/01/2022;Alimento;$32;1
1712;07-mar-22;alimento;$38;1
1713;20/05/2022;ALImento;$11;3
1714;24/05/2022;áliménto;$5;1
1715;11-may-22;hogar;$38;3
1716;06/04/2022;Hogar;$17;1
1717;07/01/2022;HOGAR;$10;2
1718;12-abr-22;JARDIN;$37;4
1719;02/04/2022;JARDin;$13;5
1720;05/03/2022;jardin;$39;4
1721;17-mar-22;Jardin;$8;1
1722;07/04/2022;Camping;$21;5
1723;06/04/2022;CaMPING;$39;3
1724;28-may-22;Camping;$49;3
1725;10/01/2022;camping;$44;5
1726;23/04/2022;VEstimenta;$17;5
1727;01-may-22;VEstimenta;$23;5
1728;27/02/2022;vestimenta;$16;4
1729;05/05/2022;VESTIMENta;$41;2
1730;08-abr-22;Vestímentá;$23;4
1731;29/01/2022;Electronica;$3;5
1732;12/04/2022;Electrónica;$38;2
1733;28-mar-22;electronica;$12;4
1734;04/01/2022;ElectrONICA;$22;2
1735;14/02/2022;Alimento;$45;1
1736;23-ene-22;Alimento;$4;2
1737;23/01/2022;alimento;$14;5
1738;28/05/2022;ALImento;$36;1
1739;01-feb-22;áliménto;$24;4
1740;14/03/2022;hogar;$46;4
1741;10/03/2022;Hogar;$11;1
1742;06-ene-22;HOGAR;$48;5
1743;01/06/2022;JARDIN;$12;2
1744;21/02/2022;JARDin;$44;4
1745;19-abr-22;jardin;$45;5
1746;30/01/2022;Jardin;$38;1
1747;05/02/2022;Camping;$33;5
1748;29-may-22;CaMPING;$22;1
1749;31/05/2022;Camping;$46;3
1750;07/05/2022;camping;$37;5
1751;13-feb-22;VEstimenta;$32;2
1752;04/04/2022;VEstimenta;$45;5
1753;24/01/2022;vestimenta;$31;5
1754;04-abr-22;VESTIMENta;$13;2
1755;04/01/2022;Vestímentá;$11;5
1756;12/04/2022;Electronica;$18;1
1757;19-ene-22;Electrónica;$9;4
1758;03/02/2022;electronica;$48;2
1759;19/05/2022;ElectrONICA;$39;2
1760;10-feb-22;Alimento;$21;2
1761;11/01/2022;Alimento;$11;4
1762;15/04/2022;alimento;$3;5
1763;06-feb-22;ALImento;$43;3
1764;08/03/2022;áliménto;$12;1
1765;20/05/2022;hogar;$37;5
1766;13-may-22;Hogar;$45;5
1767;26/04/2022;HOGAR;$22;5
1768;17/03/2022;JARDIN;$6;5
1769;08-abr-22;JARDin;$15;4
1770;10/04/2022;jardin;$34;5
1771;13/03/2022;Jardin;$21;4
1772;05-abr-22;Camping;$43;3
1773;06/01/2022;CaMPING;$47;3
1774;24/03/2022;Camping;$3;3
1775;22-abr-22;camping;$15;4
1776;24/04/2022;VEstimenta;$22;3
1777;23/05/2022;VEstimenta;$37;3
1778;16-feb-22;vestimenta;$18;5
1779;26/04/2022;VESTIMENta;$16;3
1780;27/01/2022;Vestímentá;$29;4
1781;02-may-22;Electronica;$26;4
1782;23/02/2022;Electrónica;$15;1
1783;24/02/2022;electronica;$39;3
1784;20-may-22;ElectrONICA;$25;3
1785;14/02/2022;Alimento;$26;3
1786;20/02/2022;Alimento;$14;1
1787;08-feb-22;alimento;$43;3
1788;13/03/2022;ALImento;$6;5
1789;11/01/2022;áliménto;$28;2
1790;02-abr-22;hogar;$6;5
1791;21/02/2022;Hogar;$25;3
1792;13/03/2022;HOGAR;$3;1
1793;17-mar-22;JARDIN;$42;5
1794;11/01/2022;JARDin;$45;5
1795;15/05/2022;jardin;$12;3
1796;19-mar-22;Jardin;$38;4
1797;03/02/2022;Camping;$31;1
1798;22/05/2022;CaMPING;$14;4
1799;17-feb-22;Camping;$41;2
1800;29/05/2022;camping;$42;2
1801;28/04/2022;VEstimenta;$4;2
1802;06-abr-22;VEstimenta;$41;2
1803;04/02/2022;vestimenta;$7;2
1804;02/04/2022;VESTIMENta;$47;1
1805;14-ene-22;Vestímentá;$39;1
1806;21/05/2022;Electronica;$34;1
1807;06/03/2022;Electrónica;$28;5
1808;14-may-22;electronica;$15;5
1809;21/05/2022;ElectrONICA;$12;5
1810;08/01/2022;Alimento;$24;2
1811;13-mar-22;Alimento;$13;1
1812;03/04/2022;alimento;$6;4
1813;10/02/2022;ALImento;$33;2
1814;17-ene-22;áliménto;$44;2
1815;03/04/2022;hogar;$15;4
1816;16/03/2022;Hogar;$27;2
1817;16-abr-22;HOGAR;$13;5
1818;20/05/2022;JARDIN;$43;1
1819;18/04/2022;JARDin;$38;3
1820;25-abr-22;jardin;$41;5
1821;31/03/2022;Jardin;$34;1
1822;16/01/2022;Camping;$48;4
1823;14-abr-22;CaMPING;$3;4
1824;14/03/2022;Camping;$3;4
1825;14/04/2022;camping;$12;4
1826;13-may-22;VEstimenta;$9;2
1827;11/03/2022;VEstimenta;$32;4
1828;27/03/2022;vestimenta;$26;2
1829;14-may-22;VESTIMENta;$36;4
1830;25/02/2022;Vestímentá;$39;3
1831;24/02/2022;Electronica;$35;4
1832;04-may-22;Electrónica;$20;3
1833;29/03/2022;electronica;$9;4
1834;08/02/2022;ElectrONICA;$29;1
1835;08-may-22;Alimento;$16;3
1836;17/04/2022;Alimento;$2;4
1837;08/02/2022;alimento;$20;1
1838;09-feb-22;ALImento;$48;2
1839;20/01/2022;áliménto;$47;5
1840;20/03/2022;hogar;$46;5
1841;14-mar-22;Hogar;$23;5
1842;25/05/2022;HOGAR;$27;3
1843;06/05/2022;JARDIN;$28;2
1844;03-may-22;JARDin;$10;3
1845;31/05/2022;jardin;$10;1
1846;18/04/2022;Jardin;$43;1
1847;31-ene-22;Camping;$13;5
1848;27/05/2022;CaMPING;$51;1
1849;22/04/2022;Camping;$9;2
1850;23-ene-22;camping;$12;4
1851;29/04/2022;VEstimenta;$6;1
1852;27/02/2022;VEstimenta;$30;3
1853;14-abr-22;vestimenta;$47;3
1854;28/01/2022;VESTIMENta;$13;3
1855;01/03/2022;Vestímentá;$48;2
1856;15-feb-22;Electronica;$5;1
1857;25/04/2022;Electrónica;$5;1
1858;29/03/2022;electronica;$25;3
1859;12-feb-22;ElectrONICA;$24;5
1860;08/03/2022;Alimento;$7;5
1861;26/03/2022;Alimento;$23;5
1862;01-feb-22;alimento;$18;4
1863;19/01/2022;ALImento;$4;2
1864;28/01/2022;áliménto;$26;5
1865;11-may-22;hogar;$27;5
1866;28/05/2022;Hogar;$24;1
1867;07/01/2022;HOGAR;$31;5
1868;17-feb-22;JARDIN;$15;4
1869;09/03/2022;JARDin;$6;3
1870;11/01/2022;jardin;$32;3
1871;21-mar-22;Jardin;$44;2
1872;09/03/2022;Camping;$5;3
1873;03/05/2022;CaMPING;$15;1
1874;12-abr-22;Camping;$22;1
1875;31/01/2022;camping;$38;2
1876;03/01/2022;VEstimenta;$11;2
1877;11-mar-22;VEstimenta;$17;4
1878;07/01/2022;vestimenta;$4;4
1879;21/01/2022;VESTIMENta;$2;4
1880;04-ene-22;Vestímentá;$14;2
1881;09/01/2022;Electronica;$4;2
1882;26/02/2022;Electrónica;$38;3
1883;26-abr-22;electronica;$14;3
1884;29/04/2022;ElectrONICA;$37;1
1885;09/04/2022;Alimento;$47;4
1886;08-may-22;Alimento;$13;5
1887;04/02/2022;alimento;$30;2
1888;26/04/2022;ALImento;$44;5
1889;18-may-22;áliménto;$44;2
1890;15/02/2022;hogar;$14;1
1891;19/01/2022;Hogar;$46;1
1892;12-feb-22;HOGAR;$15;2
1893;10/04/2022;JARDIN;$50;3
1894;01/05/2022;JARDin;$4;3
1895;22-may-22;jardin;$9;5
1896;18/02/2022;Jardin;$32;4
1897;25/01/2022;Camping;$4;2
1898;26-may-22;CaMPING;$9;2
1899;28/03/2022;Camping;$14;2
1900;01/02/2022;camping;$47;5
1901;04-jun-22;VEstimenta;$8;2
1902;06/03/2022;VEstimenta;$18;3
1903;01/01/2022;vestimenta;$10;5
1904;28-abr-22;VESTIMENta;$18;1
1905;19/05/2022;Vestímentá;$43;1
1906;17/01/2022;Electronica;$11;4
1907;16-feb-22;Electrónica;$44;5
1908;15/04/2022;electronica;$14;1
1909;25/01/2022;ElectrONICA;$30;1
1910;29-may-22;Alimento;$20;4
1911;24/03/2022;Alimento;$37;3
1912;31/03/2022;alimento;$10;2
1913;07-ene-22;ALImento;$49;3
1914;19/02/2022;áliménto;$35;2
1915;12/02/2022;hogar;$44;4
1916;26-may-22;Hogar;$31;2
1917;21/04/2022;HOGAR;$33;1
1918;05/03/2022;JARDIN;$43;3
1919;03-jun-22;JARDin;$18;5
1920;21/02/2022;jardin;$39;1
1921;02/03/2022;Jardin;$18;5
1922;21-feb-22;Camping;$17;2
1923;21/02/2022;CaMPING;$42;1
1924;18/01/2022;Camping;$15;4
1925;15-feb-22;camping;$36;5
1926;28/05/2022;VEstimenta;$21;2
1927;16/01/2022;VEstimenta;$34;3
1928;13-feb-22;vestimenta;$23;3
1929;27/03/2022;VESTIMENta;$33;2
1930;05/06/2022;Vestímentá;$20;3
1931;29-mar-22;Electronica;$31;5
1932;19/02/2022;Electrónica;$16;1
1933;03/05/2022;electronica;$7;1
1934;15-ene-22;ElectrONICA;$12;4
1935;29/01/2022;Alimento;$12;5
1936;17/01/2022;Alimento;$15;1
1937;22-feb-22;alimento;$6;2
1938;06/04/2022;ALImento;$7;2
1939;03/03/2022;áliménto;$49;3
1940;28-ene-22;hogar;$7;5
1941;07/03/2022;Hogar;$19;2
1942;02/03/2022;HOGAR;$4;2
1943;27-feb-22;JARDIN;$42;3
1944;26/03/2022;JARDin;$40;1
1945;08/05/2022;jardin;$47;4
1946;06-jun-22;Jardin;$47;5
1947;09/05/2022;Camping;$12;2
1948;29/03/2022;CaMPING;$43;4
1949;08-may-22;Camping;$49;1
1950;27/03/2022;camping;$41;1
1951;10/02/2022;VEstimenta;$24;3
1952;10-abr-22;VEstimenta;$34;5
1953;29/01/2022;vestimenta;$24;3
1954;04/05/2022;VESTIMENta;$13;3
1955;11-feb-22;Vestímentá;$29;2
1956;20/05/2022;Electronica;$42;3
1957;06/05/2022;Electrónica;$51;1
1958;25-feb-22;electronica;$16;5
1959;09/04/2022;ElectrONICA;$32;2
1960;17/05/2022;Alimento;$10;4
1961;26-may-22;Alimento;$38;2
1962;16/04/2022;alimento;$3;5
1963;09/01/2022;ALImento;$45;5
1964;04-mar-22;áliménto;$6;1
1965;06/03/2022;hogar;$13;3
1966;08/04/2022;Hogar;$49;5
1967;18-may-22;HOGAR;$10;5
1968;28/04/2022;JARDIN;$23;5
1969;28/05/2022;JARDin;$48;3
1970;19-may-22;jardin;$30;1
1971;22/02/2022;Jardin;$38;3
1972;05/03/2022;Camping;$17;2
1973;16-feb-22;CaMPING;$16;4
1974;25/05/2022;Camping;$12;5
1975;18/05/2022;camping;$50;4
1976;03-abr-22;VEstimenta;$12;2
1977;17/02/2022;VEstimenta;$48;2
1978;15/04/2022;vestimenta;$8;4
1979;10-feb-22;VESTIMENta;$30;2
1980;22/04/2022;Vestímentá;$24;2
1981;19/02/2022;Electronica;$24;5
1982;04-feb-22;Electrónica;$32;3
1983;20/05/2022;electronica;$15;5
1984;26/01/2022;ElectrONICA;$22;5
1985;28-may-22;Alimento;$48;3
1986;25/02/2022;Alimento;$50;3
1987;24/01/2022;alimento;$24;3
1988;25-may-22;ALImento;$40;5
1989;02/03/2022;áliménto;$47;3
1990;17/01/2022;hogar;$42;2
1991;19-abr-22;Hogar;$16;2
1992;07/04/2022;HOGAR;$41;1
1993;14/01/2022;JARDIN;$36;1
1994;20-may-22;JARDin;$40;5
1995;14/05/2022;jardin;$6;2
1996;02/04/2022;Jardin;$39;5
1997;01-jun-22;Camping;$9;2
1998;07/04/2022;CaMPING;$21;4
1999;01/03/2022;Camping;$8;1
2000;18-feb-22;camping;$32;2
2001;27/01/2022;VEstimenta;$21;2
2002;04/06/2022;VEstimenta;$16;2
2003;16-ene-22;vestimenta;$38;5
2004;08/05/2022;VESTIMENta;$46;3
2005;23/02/2022;Vestímentá;$22;4
2006;25-may-22;Electronica;$44;3
2007;20/03/2022;Electrónica;$44;2
2008;07/01/2022;electronica;$42;2
2009;23-may-22;ElectrONICA;$36;4
2010;18/02/2022;Alimento;$24;5
2011;10/05/2022;Alimento;$29;1
2012;12-may-22;alimento;$39;2
2013;10/05/2022;ALImento;$51;2
2014;16/04/2022;áliménto;$38;1
2015;09-may-22;hogar;$41;3
2016;12/04/2022;Hogar;$46;1
2017;05/01/2022;HOGAR;$42;4
2018;14-abr-22;JARDIN;$43;3
2019;13/01/2022;JARDin;$15;1
2020;01/05/2022;jardin;$27;4
2021;09-may-22;Jardin;$35;2
2022;16/05/2022;Camping;$48;4
2023;04/04/2022;CaMPING;$32;5
2024;12-mar-22;Camping;$13;5
2025;30/01/2022;camping;$43;1
2026;28/03/2022;VEstimenta;$44;4
2027;31-mar-22;VEstimenta;$16;3
2028;12/04/2022;vestimenta;$38;5
2029;13/04/2022;VESTIMENta;$31;4
2030;01-ene-22;Vestímentá;$34;3
2031;08/04/2022;Electronica;$22;3
2032;03/03/2022;Electrónica;$13;5
2033;01-mar-22;electronica;$48;1
2034;07/05/2022;ElectrONICA;$24;4
2035;27/05/2022;Alimento;$25;5
2036;24-ene-22;Alimento;$18;5
2037;21/01/2022;alimento;$24;5
2038;18/02/2022;ALImento;$29;4
2039;13-ene-22;áliménto;$46;3
2040;24/04/2022;hogar;$38;5
2041;31/01/2022;Hogar;$20;4
2042;07-mar-22;HOGAR;$51;4
2043;29/03/2022;JARDIN;$8;1
2044;04/04/2022;JARDin;$26;1
2045;08-ene-22;jardin;$28;1
2046;18/01/2022;Jardin;$3;4
2047;11/05/2022;Camping;$9;1
2048;11-may-22;CaMPING;$4;1
2049;05/06/2022;Camping;$29;3
2050;29/05/2022;camping;$30;2
2051;18-mar-22;VEstimenta;$45;2
2052;06/05/2022;VEstimenta;$34;1
2053;08/04/2022;vestimenta;$41;2
2054;24-ene-22;VESTIMENta;$23;4
2055;28/04/2022;Vestímentá;$42;4
2056;28/05/2022;Electronica;$47;3
2057;19-abr-22;Electrónica;$32;5
2058;01/01/2022;electronica;$24;3
2059;10/04/2022;ElectrONICA;$18;5
2060;18-mar-22;Alimento;$47;5
2061;04/05/2022;Alimento;$19;3
2062;14/05/2022;alimento;$10;3
2063;06-ene-22;ALImento;$3;4
2064;03/04/2022;áliménto;$29;2
2065;01/02/2022;hogar;$35;2
2066;24-mar-22;Hogar;$7;5
2067;05/05/2022;HOGAR;$11;2
2068;13/03/2022;JARDIN;$42;5
2069;27-ene-22;JARDin;$48;2
2070;20/05/2022;jardin;$42;5
2071;02/05/2022;Jardin;$46;3
2072;15-feb-22;Camping;$8;4
2073;02/04/2022;CaMPING;$9;1
2074;01/06/2022;Camping;$39;1
2075;01-abr-22;camping;$40;5
2076;02/04/2022;VEstimenta;$21;5
2077;26/04/2022;VEstimenta;$48;5
2078;13-abr-22;vestimenta;$35;3
2079;13/05/2022;VESTIMENta;$3;1
2080;06/06/2022;Vestímentá;$30;3
2081;18-mar-22;Electronica;$9;2
2082;30/03/2022;Electrónica;$21;4
2083;14/04/2022;electronica;$37;3
2084;29-ene-22;ElectrONICA;$21;5
2085;18/04/2022;Alimento;$29;5
2086;09/02/2022;Alimento;$7;3
2087;12-may-22;alimento;$30;4
2088;30/04/2022;ALImento;$33;1
2089;11/04/2022;áliménto;$51;3
2090;13-feb-22;hogar;$19;3
2091;02/05/2022;Hogar;$8;1
2092;14/03/2022;HOGAR;$40;5
2093;29-may-22;JARDIN;$4;4
2094;05/01/2022;JARDin;$17;1
2095;17/01/2022;jardin;$8;5
2096;30-may-22;Jardin;$45;1
2097;17/01/2022;Camping;$17;1
2098;08/05/2022;CaMPING;$18;3
2099;20-mar-22;Camping;$48;2
2100;14/01/2022;camping;$12;2
2101;29/03/2022;VEstimenta;$38;2
2102;27-feb-22;VEstimenta;$49;4
2103;18/05/2022;vestimenta;$32;5
2104;06/01/2022;VESTIMENta;$9;5
2105;14-may-22;Vestímentá;$9;4
2106;14/03/2022;Electronica;$46;4
2107;10/03/2022;Electrónica;$3;3
2108;07-may-22;electronica;$12;3
2109;02/05/2022;ElectrONICA;$2;5
2110;17/02/2022;Alimento;$34;5
2111;19-abr-22;Alimento;$51;2
2112;06/02/2022;alimento;$24;1
2113;10/05/2022;ALImento;$33;1
2114;26-may-22;áliménto;$49;5
2115;03/02/2022;hogar;$24;5
2116;02/04/2022;Hogar;$48;5
2117;28-mar-22;HOGAR;$6;1
2118;01/05/2022;JARDIN;$34;5
2119;30/03/2022;JARDin;$50;5
2120;17-ene-22;jardin;$39;4
2121;13/04/2022;Jardin;$35;1
2122;25/04/2022;Camping;$3;1
2123;23-feb-22;CaMPING;$38;4
2124;12/05/2022;Camping;$38;3
2125;02/06/2022;camping;$29;4
2126;19-ene-22;VEstimenta;$41;2
2127;15/01/2022;VEstimenta;$39;5
2128;24/01/2022;vestimenta;$29;1
2129;10-mar-22;VESTIMENta;$20;3
2130;30/01/2022;Vestímentá;$13;5
2131;04/04/2022;Electronica;$28;3
2132;13-may-22;Electrónica;$15;1
2133;26/05/2022;electronica;$24;2
2134;28/04/2022;ElectrONICA;$50;3
2135;10-feb-22;Alimento;$15;4
2136;18/01/2022;Alimento;$46;3
2137;09/01/2022;alimento;$11;2
2138;23-mar-22;ALImento;$49;4
2139;22/02/2022;áliménto;$24;3
2140;11/04/2022;hogar;$9;5
2141;13-ene-22;Hogar;$25;5
2142;11/04/2022;HOGAR;$18;1
2143;16/05/2022;JARDIN;$46;1
2144;14-ene-22;JARDin;$48;5
2145;04/03/2022;jardin;$34;3
2146;01/04/2022;Jardin;$4;1
2147;21-feb-22;Camping;$31;4
2148;23/04/2022;CaMPING;$20;5
2149;30/03/2022;Camping;$45;4
2150;04-abr-22;camping;$48;4
2151;25/03/2022;VEstimenta;$11;4
2152;22/04/2022;VEstimenta;$26;3
2153;17-may-22;vestimenta;$16;5
2154;16/02/2022;VESTIMENta;$26;5
2155;06/05/2022;Vestímentá;$14;3
2156;10-feb-22;Electronica;$35;1
2157;17/02/2022;Electrónica;$26;2
2158;23/05/2022;electronica;$43;4
2159;10-may-22;ElectrONICA;$41;3
2160;14/05/2022;Alimento;$39;1
2161;26/05/2022;Alimento;$14;4
2162;29-ene-22;alimento;$20;2
2163;13/01/2022;ALImento;$10;4
2164;05/02/2022;áliménto;$4;2
2165;21-mar-22;hogar;$45;4
2166;26/03/2022;Hogar;$47;1
2167;15/04/2022;HOGAR;$29;5
2168;30-may-22;JARDIN;$6;4
2169;09/02/2022;JARDin;$7;5
2170;11/03/2022;jardin;$34;5
2171;27-feb-22;Jardin;$11;4
2172;12/03/2022;Camping;$38;3
2173;14/02/2022;CaMPING;$19;4
2174;04-feb-22;Camping;$36;3
2175;22/02/2022;camping;$9;5
2176;28/04/2022;VEstimenta;$3;2
2177;27-may-22;VEstimenta;$50;2
2178;15/02/2022;vestimenta;$9;4
2179;18/04/2022;VESTIMENta;$21;5
2180;04-may-22;Vestímentá;$33;4
2181;19/04/2022;Electronica;$34;3
2182;02/01/2022;Electrónica;$11;3
2183;23-abr-22;electronica;$29;1
2184;25/04/2022;ElectrONICA;$33;2
2185;03/02/2022;Alimento;$41;5
2186;22-feb-22;Alimento;$41;4
2187;21/02/2022;alimento;$22;5
2188;08/03/2022;ALImento;$46;4
2189;07-ene-22;áliménto;$29;2
2190;15/03/2022;hogar;$20;2
2191;10/01/2022;Hogar;$33;3
2192;20-ene-22;HOGAR;$42;4
2193;15/02/2022;JARDIN;$13;3
2194;08/02/2022;JARDin;$24;2
2195;01-abr-22;jardin;$19;3
2196;14/02/2022;Jardin;$29;4
2197;26/04/2022;Camping;$43;5
2198;09-may-22;CaMPING;$17;2
2199;14/05/2022;Camping;$20;2
2200;20/01/2022;camping;$40;2
2201;27-may-22;VEstimenta;$23;5
2202;31/03/2022;VEstimenta;$36;2
2203;23/04/2022;vestimenta;$41;4
2204;02-feb-22;VESTIMENta;$22;2
2205;27/01/2022;Vestímentá;$17;1
2206;05/03/2022;Electronica;$30;4
2207;21-feb-22;Electrónica;$44;2
2208;06/03/2022;electronica;$18;2
2209;05/06/2022;ElectrONICA;$19;1
2210;11-mar-22;Alimento;$11;2
2211;31/01/2022;Alimento;$43;4
2212;11/02/2022;alimento;$24;3
2213;06-may-22;ALImento;$14;5
2214;24/04/2022;áliménto;$14;2
2215;03/04/2022;hogar;$9;2
2216;15-ene-22;Hogar;$27;4
2217;19/05/2022;HOGAR;$4;3
2218;05/03/2022;JARDIN;$7;5
2219;07-feb-22;JARDin;$7;1
2220;16/05/2022;jardin;$47;4
2221;14/05/2022;Jardin;$28;5
2222;15-ene-22;Camping;$35;3
2223;04/01/2022;CaMPING;$25;5
2224;25/04/2022;Camping;$37;5
2225;10-ene-22;camping;$19;3
2226;23/05/2022;VEstimenta;$44;4
2227;20/01/2022;VEstimenta;$5;4
2228;05-jun-22;vestimenta;$19;2
2229;25/04/2022;VESTIMENta;$34;1
2230;30/03/2022;Vestímentá;$7;5
2231;29-abr-22;Electronica;$7;5
2232;21/01/2022;Electrónica;$9;5
2233;05/04/2022;electronica;$37;1
2234;05-mar-22;ElectrONICA;$24;3
2235;11/03/2022;Alimento;$8;2
2236;04/01/2022;Alimento;$44;3
2237;18-may-22;alimento;$42;2
2238;01/03/2022;ALImento;$42;4
2239;12/04/2022;áliménto;$3;2
2240;13-abr-22;hogar;$9;5
2241;01/06/2022;Hogar;$47;4
2242;05/03/2022;HOGAR;$11;5
2243;04-mar-22;JARDIN;$15;4
2244;21/04/2022;JARDin;$22;3
2245;09/05/2022;jardin;$11;4
2246;01-jun-22;Jardin;$5;3
2247;19/02/2022;Camping;$20;4
2248;06/05/2022;CaMPING;$25;4
2249;14-feb-22;Camping;$42;4
2250;11/03/2022;camping;$25;5
2251;28/05/2022;VEstimenta;$27;1
2252;14-abr-22;VEstimenta;$18;1
2253;23/01/2022;vestimenta;$33;1
2254;15/04/2022;VESTIMENta;$31;1
2255;25-feb-22;Vestímentá;$35;5
2256;25/03/2022;Electronica;$50;5
2257;08/04/2022;Electrónica;$22;1
2258;03-feb-22;electronica;$30;2
2259;05/01/2022;ElectrONICA;$36;4
2260;02/04/2022;Alimento;$48;5
2261;18-mar-22;Alimento;$15;3
2262;15/03/2022;alimento;$15;5
2263;24/02/2022;ALImento;$20;4
2264;01-mar-22;áliménto;$9;4
2265;28/03/2022;hogar;$25;1
2266;25/02/2022;Hogar;$27;3
2267;02-ene-22;HOGAR;$50;2
2268;21/04/2022;JARDIN;$48;4
2269;15/04/2022;JARDin;$11;4
2270;11-ene-22;jardin;$33;4
2271;26/02/2022;Jardin;$24;5
2272;17/03/2022;Camping;$45;1
2273;10-mar-22;CaMPING;$23;4
2274;07/03/2022;Camping;$16;1
2275;02/03/2022;camping;$45;3
2276;08-mar-22;VEstimenta;$24;3
2277;27/04/2022;VEstimenta;$29;1
2278;08/02/2022;vestimenta;$12;2
2279;22-feb-22;VESTIMENta;$19;5
2280;23/01/2022;Vestímentá;$28;5
2281;08/01/2022;Electronica;$49;1
2282;01-feb-22;Electrónica;$43;1
2283;29/01/2022;electronica;$15;1
2284;09/05/2022;ElectrONICA;$6;3
2285;13-abr-22;Alimento;$45;5
2286;05/02/2022;Alimento;$23;2
2287;16/01/2022;alimento;$43;1
2288;14-abr-22;ALImento;$37;5
2289;30/04/2022;áliménto;$35;3
2290;11/05/2022;hogar;$10;5
2291;02-jun-22;Hogar;$10;4
2292;20/04/2022;HOGAR;$39;4
2293;09/02/2022;JARDIN;$11;4
2294;16-may-22;JARDin;$15;2
2295;01/04/2022;jardin;$10;2
2296;12/05/2022;Jardin;$34;3
2297;07-feb-22;Camping;$48;2
2298;04/03/2022;CaMPING;$37;5
2299;29/04/2022;Camping;$13;5
2300;14-may-22;camping;$20;1
2301;31/01/2022;VEstimenta;$50;4
2302;11/03/2022;VEstimenta;$44;3
2303;02-feb-22;vestimenta;$43;5
2304;17/04/2022;VESTIMENta;$17;4
2305;10/03/2022;Vestímentá;$4;1
2306;04-may-22;Electronica;$30;1
2307;10/05/2022;Electrónica;$3;1
2308;18/01/2022;electronica;$38;4
2309;19-may-22;ElectrONICA;$22;5
2310;03/01/2022;Alimento;$29;2
2311;28/03/2022;Alimento;$14;2
2312;16-ene-22;alimento;$17;4
2313;23/04/2022;ALImento;$35;3
2314;05/01/2022;áliménto;$22;3
2315;13-mar-22;hogar;$33;4
2316;01/02/2022;Hogar;$41;3
2317;22/03/2022;HOGAR;$32;2
2318;16-abr-22;JARDIN;$46;5
2319;29/05/2022;JARDin;$35;2
2320;06/01/2022;jardin;$29;1
2321;05-abr-22;Jardin;$27;1
2322;17/05/2022;Camping;$29;3
2323;25/04/2022;CaMPING;$27;1
2324;16-feb-22;Camping;$32;3
2325;30/03/2022;camping;$36;3
2326;20/05/2022;VEstimenta;$39;1
2327;21-feb-22;VEstimenta;$16;1
2328;23/03/2022;vestimenta;$26;1
2329;01/05/2022;VESTIMENta;$12;1
2330;01-abr-22;Vestímentá;$6;4
2331;04/02/2022;Electronica;$34;1
2332;06/04/2022;Electrónica;$22;3
2333;13-ene-22;electronica;$50;3
2334;14/04/2022;ElectrONICA;$37;4
2335;23/05/2022;Alimento;$43;2
2336;15-mar-22;Alimento;$4;3
2337;18/02/2022;alimento;$28;5
2338;19/05/2022;ALImento;$35;4
2339;05-mar-22;áliménto;$34;3
2340;16/02/2022;hogar;$2;3
2341;27/04/2022;Hogar;$35;2
2342;27-ene-22;HOGAR;$23;5
2343;26/03/2022;JARDIN;$12;1
2344;25/01/2022;JARDin;$36;5
2345;23-abr-22;jardin;$49;3
2346;15/05/2022;Jardin;$34;5
2347;24/01/2022;Camping;$43;4
2348;07-mar-22;CaMPING;$35;4
2349;18/05/2022;Camping;$43;2
2350;28/01/2022;camping;$18;3
2351;31-ene-22;VEstimenta;$3;1
2352;03/06/2022;VEstimenta;$24;3
2353;19/02/2022;vestimenta;$26;1
2354;09-abr-22;VESTIMENta;$47;1
2355;04/04/2022;Vestímentá;$20;4
2356;24/04/2022;Electronica;$11;4
2357;01-feb-22;Electrónica;$25;1
2358;16/01/2022;electronica;$40;3
2359;02/05/2022;ElectrONICA;$2;1
2360;19-ene-22;Alimento;$42;4
2361;14/01/2022;Alimento;$33;5
2362;12/01/2022;alimento;$44;1
2363;10-mar-22;ALImento;$11;2
2364;20/03/2022;áliménto;$40;3
2365;05/04/2022;hogar;$22;2
2366;09-may-22;Hogar;$17;3
2367;01/04/2022;HOGAR;$40;2
2368;20/04/2022;JARDIN;$6;3
2369;17-abr-22;JARDin;$4;5
2370;19/04/2022;jardin;$44;2
2371;27/01/2022;Jardin;$37;3
2372;24-feb-22;Camping;$38;2
2373;03/05/2022;CaMPING;$13;1
2374;17/04/2022;Camping;$22;3
2375;18-abr-22;camping;$35;3
2376;14/05/2022;VEstimenta;$21;3
2377;14/03/2022;VEstimenta;$50;5
2378;06-may-22;vestimenta;$25;1
2379;19/05/2022;VESTIMENta;$29;4
2380;21/01/2022;Vestímentá;$10;1
2381;14-feb-22;Electronica;$10;1
2382;07/01/2022;Electrónica;$27;4
2383;12/02/2022;electronica;$4;1
2384;25-mar-22;ElectrONICA;$28;2
2385;22/01/2022;Alimento;$47;3
2386;11/05/2022;Alimento;$5;1
2387;23-ene-22;alimento;$49;2
2388;17/01/2022;ALImento;$17;4
2389;08/03/2022;áliménto;$47;1
2390;10-feb-22;hogar;$8;4
2391;27/02/2022;Hogar;$8;4
2392;05/05/2022;HOGAR;$50;1
2393;05-jun-22;JARDIN;$37;1
2394;26/02/2022;JARDin;$3;3
2395;25/05/2022;jardin;$10;2
2396;25-abr-22;Jardin;$37;2
2397;06/05/2022;Camping;$36;2
2398;06/05/2022;CaMPING;$23;2
2399;02-mar-22;Camping;$45;4
2400;04/02/2022;camping;$14;4
2401;11/04/2022;VEstimenta;$7;5
2402;14-ene-22;VEstimenta;$12;4
2403;02/02/2022;vestimenta;$44;1
2404;10/02/2022;VESTIMENta;$24;3
2405;11-feb-22;Vestímentá;$15;5
2406;22/04/2022;Electronica;$10;2
2407;02/04/2022;Electrónica;$27;4
2408;30-abr-22;electronica;$4;5
2409;06/03/2022;ElectrONICA;$45;5
2410;20/01/2022;Alimento;$37;2
2411;29-ene-22;Alimento;$11;2
2412;03/02/2022;alimento;$15;1
2413;09/04/2022;ALImento;$36;1
2414;25-may-22;áliménto;$39;2
2415;23/02/2022;hogar;$21;4
2416;26/01/2022;Hogar;$49;5
2417;26-abr-22;HOGAR;$22;4
2418;02/05/2022;JARDIN;$15;5
2419;09/01/2022;JARDin;$49;3
2420;08-abr-22;jardin;$47;1
2421;26/02/2022;Jardin;$32;1
2422;17/02/2022;Camping;$12;1
2423;14-mar-22;CaMPING;$35;3
2424;07/05/2022;Camping;$8;5
2425;02/01/2022;camping;$45;2
2426;12-ene-22;VEstimenta;$3;1
2427;05/02/2022;VEstimenta;$41;1
2428;15/03/2022;vestimenta;$27;3
2429;15-mar-22;VESTIMENta;$8;3
2430;23/05/2022;Vestímentá;$20;4
2431;05/02/2022;Electronica;$34;4
2432;17-ene-22;Electrónica;$25;1
2433;06/01/2022;electronica;$35;5
2434;23/04/2022;ElectrONICA;$26;1
2435;11-ene-22;Alimento;$42;2
2436;31/05/2022;Alimento;$38;4
2437;13/02/2022;alimento;$7;3
2438;26-mar-22;ALImento;$14;5
2439;06/01/2022;áliménto;$50;4
2440;27/04/2022;hogar;$12;1
2441;09-ene-22;Hogar;$50;5
2442;05/06/2022;HOGAR;$47;1
2443;11/02/2022;JARDIN;$45;3
2444;22-abr-22;JARDin;$36;2
2445;30/03/2022;jardin;$47;4
2446;19/01/2022;Jardin;$36;3
2447;01-jun-22;Camping;$34;5
2448;08/05/2022;CaMPING;$16;4
2449;04/02/2022;Camping;$9;5
2450;15-mar-22;camping;$19;3
2451;06/01/2022;VEstimenta;$15;2
2452;16/01/2022;VEstimenta;$24;1
2453;08-abr-22;vestimenta;$27;1
2454;09/04/2022;VESTIMENta;$14;4
2455;10/04/2022;Vestímentá;$28;4
2456;14-feb-22;Electronica;$25;4
2457;29/01/2022;Electrónica;$44;3
2458;06/03/2022;electronica;$29;1
2459;19-mar-22;ElectrONICA;$45;1
2460;07/03/2022;Alimento;$11;4
2461;04/04/2022;Alimento;$42;1
2462;25-may-22;alimento;$39;5
2463;02/03/2022;ALImento;$4;2
2464;09/03/2022;áliménto;$40;5
2465;15-feb-22;hogar;$5;3
2466;12/03/2022;Hogar;$19;5
2467;09/03/2022;HOGAR;$10;5
2468;09-abr-22;JARDIN;$15;3
2469;04/06/2022;JARDin;$45;3
2470;07/05/2022;jardin;$43;3
2471;19-mar-22;Jardin;$8;5
2472;20/05/2022;Camping;$26;3
2473;04/06/2022;CaMPING;$12;5
2474;29-may-22;Camping;$12;5
2475;18/04/2022;camping;$19;3
2476;13/02/2022;VEstimenta;$19;5
2477;17-may-22;VEstimenta;$19;4
2478;04/01/2022;vestimenta;$8;4
2479;10/01/2022;VESTIMENta;$27;1
2480;24-feb-22;Vestímentá;$21;4
2481;02/06/2022;Electronica;$13;5
2482;15/01/2022;Electrónica;$33;5
2483;28-mar-22;electronica;$44;2
2484;11/02/2022;ElectrONICA;$30;5
2485;06/03/2022;Alimento;$35;2
2486;25-may-22;Alimento;$37;5
2487;25/05/2022;alimento;$43;5
2488;05/03/2022;ALImento;$5;3
2489;21-ene-22;áliménto;$35;4
2490;06/06/2022;hogar;$4;5
2491;13/03/2022;Hogar;$17;1
2492;30-may-22;HOGAR;$20;2
2493;07/04/2022;JARDIN;$15;3
2494;31/01/2022;JARDin;$25;3
2495;03-jun-22;jardin;$40;3
2496;01/05/2022;Jardin;$37;2
2497;12/02/2022;Camping;$21;5
2498;02-feb-22;CaMPING;$26;1
2499;26/04/2022;Camping;$50;1
2500;04/06/2022;camping;$28;1
2501;02-mar-22;VEstimenta;$28;3
2502;06/01/2022;VEstimenta;$26;1
2503;09/05/2022;vestimenta;$47;3
2504;04-ene-22;VESTIMENta;$11;2
2505;05/04/2022;Vestímentá;$46;2
2506;08/02/2022;Electronica;$27;1
2507;10-ene-22;Electrónica;$21;2
2508;08/05/2022;electronica;$26;5
2509;21/01/2022;ElectrONICA;$34;3
2510;31-mar-22;Alimento;$29;4
2511;05/02/2022;Alimento;$37;3
2512;22/03/2022;alimento;$49;5
2513;17-mar-22;ALImento;$21;5
2514;30/01/2022;áliménto;$5;1
2515;26/02/2022;hogar;$41;5
2516;18-abr-22;Hogar;$27;4
2517;05/02/2022;HOGAR;$31;2
2518;21/05/2022;JARDIN;$48;3
2519;01-abr-22;JARDin;$46;4
2520;01/06/2022;jardin;$49;3
2521;02/02/2022;Jardin;$27;4
2522;11-ene-22;Camping;$27;5
2523;26/03/2022;CaMPING;$41;2
2524;20/02/2022;Camping;$45;2
2525;28-mar-22;camping;$43;3
2526;02/04/2022;VEstimenta;$18;2
2527;25/02/2022;VEstimenta;$48;5
2528;07-abr-22;vestimenta;$23;2
2529;19/01/2022;VESTIMENta;$18;3
2530;07/01/2022;Vestímentá;$35;1
2531;23-mar-22;Electronica;$8;1
2532;08/03/2022;Electrónica;$11;5
2533;27/02/2022;electronica;$30;3
2534;20-abr-22;ElectrONICA;$28;5
2535;14/03/2022;Alimento;$2;4
2536;21/04/2022;Alimento;$39;4
2537;21-ene-22;alimento;$15;1
2538;16/02/2022;ALImento;$2;3
2539;18/02/2022;áliménto;$38;1
2540;17-may-22;hogar;$40;2
2541;05/02/2022;Hogar;$33;2
2542;29/04/2022;HOGAR;$27;4
2543;21-abr-22;JARDIN;$18;4
2544;18/02/2022;JARDin;$49;1
2545;07/05/2022;jardin;$33;1
2546;03-ene-22;Jardin;$21;5
2547;27/01/2022;Camping;$3;5
2548;12/02/2022;CaMPING;$39;5
2549;17-may-22;Camping;$16;5
2550;03/02/2022;camping;$36;5
2551;23/03/2022;VEstimenta;$45;4
2552;03-abr-22;VEstimenta;$26;5
2553;13/04/2022;vestimenta;$46;3
2554;05/02/2022;VESTIMENta;$10;1
2555;12-feb-22;Vestímentá;$40;1
2556;19/05/2022;Electronica;$28;3
2557;27/02/2022;Electrónica;$42;2
2558;19-feb-22;electronica;$35;1
2559;16/01/2022;ElectrONICA;$10;1
2560;31/05/2022;Alimento;$13;5
2561;21-abr-22;Alimento;$45;1
2562;19/01/2022;alimento;$15;3
2563;22/01/2022;ALImento;$48;1
2564;06-feb-22;áliménto;$21;4
2565;09/03/2022;hogar;$49;2
2566;10/02/2022;Hogar;$2;1
2567;26-feb-22;HOGAR;$21;3
2568;30/05/2022;JARDIN;$20;4
2569;23/01/2022;JARDin;$16;5
2570;18-feb-22;jardin;$40;5
2571;26/02/2022;Jardin;$48;1
2572;14/03/2022;Camping;$44;3
2573;27-may-22;CaMPING;$19;3
2574;18/05/2022;Camping;$10;2
2575;16/05/2022;camping;$15;2
2576;10-feb-22;VEstimenta;$7;1
2577;23/04/2022;VEstimenta;$43;4
2578;07/05/2022;vestimenta;$49;1
2579;08-abr-22;VESTIMENta;$9;1
2580;24/02/2022;Vestímentá;$13;1
2581;27/02/2022;Electronica;$6;1
2582;26-feb-22;Electrónica;$17;4
2583;10/02/2022;electronica;$41;2
2584;26/02/2022;ElectrONICA;$42;4
2585;24-ene-22;Alimento;$8;2
2586;24/05/2022;Alimento;$22;3
2587;14/05/2022;alimento;$25;1
2588;25-mar-22;ALImento;$26;2
2589;17/05/2022;áliménto;$27;4
2590;03/02/2022;hogar;$8;5
2591;07-abr-22;Hogar;$25;5
2592;02/05/2022;HOGAR;$6;2
2593;11/01/2022;JARDIN;$43;3
2594;01-ene-22;JARDin;$8;1
2595;05/04/2022;jardin;$37;2
2596;27/04/2022;Jardin;$2;1
2597;14-feb-22;Camping;$29;5
2598;24/05/2022;CaMPING;$47;3
2599;30/03/2022;Camping;$17;1
2600;14-feb-22;camping;$16;5
2601;17/03/2022;VEstimenta;$44;5
2602;22/03/2022;VEstimenta;$47;1
2603;22-ene-22;vestimenta;$7;3
2604;31/03/2022;VESTIMENta;$30;2
2605;07/04/2022;Vestímentá;$47;3
2606;17-may-22;Electronica;$46;5
2607;06/05/2022;Electrónica;$27;1
2608;16/02/2022;electronica;$14;2
2609;26-may-22;ElectrONICA;$40;2
2610;20/01/2022;Alimento;$22;1
2611;16/03/2022;Alimento;$20;3
2612;29-mar-22;alimento;$16;4
2613;23/03/2022;ALImento;$25;4
2614;10/03/2022;áliménto;$39;3
2615;23-mar-22;hogar;$2;3
2616;13/02/2022;Hogar;$7;2
2617;07/04/2022;HOGAR;$8;3
2618;08-feb-22;JARDIN;$49;4
2619;03/06/2022;JARDin;$12;4
2620;31/03/2022;jardin;$8;1
2621;28-ene-22;Jardin;$30;4
2622;05/03/2022;Camping;$27;2
2623;12/03/2022;CaMPING;$12;3
2624;13-feb-22;Camping;$44;5
2625;28/04/2022;camping;$38;3
2626;08/05/2022;VEstimenta;$14;3
2627;10-ene-22;VEstimenta;$28;3
2628;05/02/2022;vestimenta;$19;4
2629;15/05/2022;VESTIMENta;$27;5
2630;24-abr-22;Vestímentá;$49;1
2631;09/04/2022;Electronica;$9;3
2632;05/05/2022;Electrónica;$19;3
2633;06-jun-22;electronica;$40;5
2634;01/04/2022;ElectrONICA;$9;1
2635;26/04/2022;Alimento;$45;3
2636;18-abr-22;Alimento;$6;4
2637;28/03/2022;alimento;$9;2
2638;31/03/2022;ALImento;$31;3
2639;31-may-22;áliménto;$22;2
2640;08/03/2022;hogar;$34;4
2641;16/02/2022;Hogar;$13;3
2642;06-ene-22;HOGAR;$6;5
2643;02/02/2022;JARDIN;$10;5
2644;07/01/2022;JARDin;$16;1
2645;13-mar-22;jardin;$50;1
2646;07/05/2022;Jardin;$40;1
2647;12/04/2022;Camping;$5;4
2648;06-ene-22;CaMPING;$26;2
2649;11/03/2022;Camping;$32;2
2650;28/05/2022;camping;$21;3
2651;24-feb-22;VEstimenta;$31;2
2652;24/05/2022;VEstimenta;$38;3
2653;15/04/2022;vestimenta;$24;5
2654;02-feb-22;VESTIMENta;$35;5
2655;31/01/2022;Vestímentá;$40;5
2656;18/04/2022;Electronica;$11;1
2657;13-feb-22;Electrónica;$31;5
2658;11/03/2022;electronica;$49;3
2659;21/04/2022;ElectrONICA;$24;4
2660;02-jun-22;Alimento;$17;1
2661;07/05/2022;Alimento;$51;3
2662;27/04/2022;alimento;$3;4
2663;28-feb-22;ALImento;$49;2
2664;28/05/2022;áliménto;$49;4
2665;03/06/2022;hogar;$19;2
2666;22-abr-22;Hogar;$31;1
2667;31/03/2022;HOGAR;$48;3
2668;20/01/2022;JARDIN;$37;3
2669;15-mar-22;JARDin;$23;1
2670;05/05/2022;jardin;$5;3
2671;17/02/2022;Jardin;$13;4
2672;17-may-22;Camping;$20;2
2673;01/01/2022;CaMPING;$47;3
2674;28/03/2022;Camping;$7;3
2675;06-ene-22;camping;$25;2
2676;01/05/2022;VEstimenta;$18;1
2677;21/02/2022;VEstimenta;$12;4
2678;21-abr-22;vestimenta;$21;2
2679;04/04/2022;VESTIMENta;$14;1
2680;21/03/2022;Vestímentá;$6;2
2681;28-may-22;Electronica;$22;3
2682;22/03/2022;Electrónica;$43;1
2683;14/05/2022;electronica;$32;1
2684;28-feb-22;ElectrONICA;$29;4
2685;15/03/2022;Alimento;$40;3
2686;31/05/2022;Alimento;$46;3
2687;06-mar-22;alimento;$31;3
2688;02/05/2022;ALImento;$19;4
2689;24/02/2022;áliménto;$8;2
2690;12-feb-22;hogar;$50;1
2691;19/05/2022;Hogar;$18;2
2692;18/04/2022;HOGAR;$21;3
2693;04-jun-22;JARDIN;$42;3
2694;30/03/2022;JARDin;$36;3
2695;23/01/2022;jardin;$29;2
2696;22-ene-22;Jardin;$33;2
2697;14/04/2022;Camping;$3;2
2698;06/02/2022;CaMPING;$34;5
2699;30-may-22;Camping;$41;1
2700;20/01/2022;camping;$18;4
2701;18/04/2022;VEstimenta;$44;1
2702;12-mar-22;VEstimenta;$36;3
2703;21/04/2022;vestimenta;$20;5
2704;25/03/2022;VESTIMENta;$19;4
2705;27-ene-22;Vestímentá;$4;2
2706;08/03/2022;Electronica;$38;4
2707;13/01/2022;Electrónica;$15;5
2708;27-mar-22;electronica;$15;2
2709;06/05/2022;ElectrONICA;$26;1
2710;11/02/2022;Alimento;$34;2
2711;18-ene-22;Alimento;$45;1
2712;06/02/2022;alimento;$23;4
2713;30/03/2022;ALImento;$42;4
2714;19-feb-22;áliménto;$21;3
2715;21/03/2022;hogar;$43;2
2716;15/01/2022;Hogar;$28;5
2717;08-may-22;HOGAR;$12;3
2718;20/03/2022;JARDIN;$23;5
2719;01/02/2022;JARDin;$38;1
2720;23-mar-22;jardin;$26;2
2721;19/01/2022;Jardin;$18;4
2722;15/04/2022;Camping;$24;1
2723;09-ene-22;CaMPING;$49;3
2724;30/05/2022;Camping;$29;5
2725;31/01/2022;camping;$10;4
2726;06-ene-22;VEstimenta;$39;4
2727;08/03/2022;VEstimenta;$2;2
2728;25/01/2022;vestimenta;$48;5
2729;15-ene-22;VESTIMENta;$5;2
2730;09/03/2022;Vestímentá;$50;1
2731;31/01/2022;Electronica;$43;2
2732;12-may-22;Electrónica;$46;3
2733;06/02/2022;electronica;$22;5
2734;14/04/2022;ElectrONICA;$6;1
2735;27-abr-22;Alimento;$4;5
2736;26/05/2022;Alimento;$46;4
2737;25/05/2022;alimento;$11;1
2738;23-mar-22;ALImento;$9;4
2739;24/02/2022;áliménto;$50;4
2740;19/05/2022;hogar;$21;4
2741;08-ene-22;Hogar;$40;1
2742;14/04/2022;HOGAR;$5;3
2743;22/02/2022;JARDIN;$34;1
2744;01-feb-22;JARDin;$26;3
2745;23/04/2022;jardin;$2;4
2746;25/03/2022;Jardin;$28;5
2747;04-jun-22;Camping;$41;5
2748;31/05/2022;CaMPING;$25;5
2749;01/06/2022;Camping;$41;3
2750;09-feb-22;camping;$36;5
2751;15/01/2022;VEstimenta;$44;1
2752;17/01/2022;VEstimenta;$23;3
2753;28-ene-22;vestimenta;$10;1
2754;06/01/2022;VESTIMENta;$33;3
2755;12/03/2022;Vestímentá;$40;2
2756;28-mar-22;Electronica;$49;1
2757;15/04/2022;Electrónica;$22;3
2758;01/06/2022;electronica;$51;3
2759;24-abr-22;ElectrONICA;$36;4
2760;22/04/2022;Alimento;$11;5
2761;11/05/2022;Alimento;$10;2
2762;02-jun-22;alimento;$48;3
2763;20/03/2022;ALImento;$8;1
2764;13/05/2022;áliménto;$51;5
2765;25-abr-22;hogar;$13;1
2766;10/01/2022;Hogar;$19;4
2767;12/04/2022;HOGAR;$33;2
2768;28-abr-22;JARDIN;$21;3
2769;13/04/2022;JARDin;$47;4
2770;03/01/2022;jardin;$35;3
2771;26-may-22;Jardin;$8;5
2772;11/05/2022;Camping;$16;5
2773;23/05/2022;CaMPING;$22;1
2774;03-jun-22;Camping;$39;2
2775;02/02/2022;camping;$4;1
2776;18/04/2022;VEstimenta;$34;2
2777;23-feb-22;VEstimenta;$50;1
2778;18/05/2022;vestimenta;$25;2
2779;01/06/2022;VESTIMENta;$28;3
2780;19-abr-22;Vestímentá;$44;3
2781;24/03/2022;Electronica;$17;1
2782;14/01/2022;Electrónica;$19;1
2783;10-abr-22;electronica;$47;4
2784;16/03/2022;ElectrONICA;$13;5
2785;09/02/2022;Alimento;$39;4
2786;04-ene-22;Alimento;$36;2
2787;31/01/2022;alimento;$16;2
2788;28/02/2022;ALImento;$12;1
2789;08-may-22;áliménto;$17;4
2790;03/01/2022;hogar;$39;3
2791;15/05/2022;Hogar;$4;3
2792;15-ene-22;HOGAR;$5;4
2793;21/04/2022;JARDIN;$48;1
2794;08/01/2022;JARDin;$10;1
2795;04-may-22;jardin;$36;1
2796;24/03/2022;Jardin;$19;3
2797;06/02/2022;Camping;$11;5
2798;15-mar-22;CaMPING;$14;5
2799;27/01/2022;Camping;$50;4
2800;27/03/2022;camping;$16;4
2801;17-mar-22;VEstimenta;$42;4
2802;18/01/2022;VEstimenta;$13;2
2803;16/03/2022;vestimenta;$49;5
2804;21-may-22;VESTIMENta;$49;3
2805;10/03/2022;Vestímentá;$40;1
2806;07/01/2022;Electronica;$28;1
2807;17-ene-22;Electrónica;$18;2
2808;30/05/2022;electronica;$17;4
2809;09/01/2022;ElectrONICA;$41;1
